-- phpMyAdmin SQL Dump
-- version 5.1.1
-- https://www.phpmyadmin.net/
--
-- Máy chủ: 127.0.0.1
-- Thời gian đã tạo: Th8 22, 2021 lúc 10:44 AM
-- Phiên bản máy phục vụ: 10.4.19-MariaDB
-- Phiên bản PHP: 8.0.7

SET SQL_MODE = "NO_AUTO_VALUE_ON_ZERO";
START TRANSACTION;
SET time_zone = "+00:00";


/*!40101 SET @OLD_CHARACTER_SET_CLIENT=@@CHARACTER_SET_CLIENT */;
/*!40101 SET @OLD_CHARACTER_SET_RESULTS=@@CHARACTER_SET_RESULTS */;
/*!40101 SET @OLD_COLLATION_CONNECTION=@@COLLATION_CONNECTION */;
/*!40101 SET NAMES utf8mb4 */;

--
-- Cơ sở dữ liệu: `tienlennao`
--

-- --------------------------------------------------------

--
-- Cấu trúc bảng cho bảng `admin`
--

CREATE TABLE `admin` (
  `email` varchar(255) NOT NULL,
  `matkhau` varchar(155) NOT NULL,
  `tg_tao` timestamp NULL DEFAULT NULL,
  `ten` varchar(25) NOT NULL,
  `sodt` varchar(10) NOT NULL,
  `vi_tri` varchar(20) NOT NULL,
  `diachi` varchar(255) NOT NULL
) ENGINE=InnoDB DEFAULT CHARSET=utf8mb4;

--
-- Đang đổ dữ liệu cho bảng `admin`
--

INSERT INTO `admin` (`email`, `matkhau`, `tg_tao`, `ten`, `sodt`, `vi_tri`, `diachi`) VALUES
('ngoquocthuan@gmail.com', 'e10adc3949ba59abbe56e057f20f883e', '2021-06-02 10:06:42', 'Ngô Quốc Thuận', '0231502428', 'GH', '180 Cao Lỗ P.4 Q.8 TP.HCM'),
('tranthanhlam@gmail.com', 'e10adc3949ba59abbe56e057f20f883e', '2021-06-02 10:06:42', 'Trần Thanh Lâm', '0931048540', 'GH', '702/9 Phạm Thế Hiển p.4 q.8');

-- --------------------------------------------------------

--
-- Cấu trúc bảng cho bảng `binh_luan`
--

CREATE TABLE `binh_luan` (
  `comment_id` int(10) NOT NULL,
  `comment` varchar(255) NOT NULL,
  `comment_name` varchar(100) NOT NULL,
  `comment_date` timestamp NOT NULL DEFAULT current_timestamp() ON UPDATE current_timestamp(),
  `comment_product_id` char(15) NOT NULL,
  `comment_parent_comment` int(11) DEFAULT NULL,
  `comment_status` int(11) NOT NULL
) ENGINE=InnoDB DEFAULT CHARSET=utf8mb4;

--
-- Đang đổ dữ liệu cho bảng `binh_luan`
--

INSERT INTO `binh_luan` (`comment_id`, `comment`, `comment_name`, `comment_date`, `comment_product_id`, `comment_parent_comment`, `comment_status`) VALUES
(13, 'sản phẩm rất tốt', 'Trần Thanh Lâm', '2021-08-11 13:47:33', 'AOM30D35S83', 0, 0),
(14, 'áo đẹp', 'tienlennaoStore', '2021-08-11 13:54:22', 'AOM30D35S83', 13, 0),
(15, 'hàng rất tốt', 'Trần Thanh Lâm', '2021-08-20 11:09:04', 'QUM30D46S78', 0, 0),
(16, 'cảm ơn bạn', 'tienlennaoStore', '2021-08-20 11:08:42', 'QUM30D46S78', 15, 0);

-- --------------------------------------------------------

--
-- Cấu trúc bảng cho bảng `chat_lieu`
--

CREATE TABLE `chat_lieu` (
  `ma_cl` int(10) NOT NULL,
  `ten_cl` varchar(30) NOT NULL
) ENGINE=InnoDB DEFAULT CHARSET=utf8mb4;

--
-- Đang đổ dữ liệu cho bảng `chat_lieu`
--

INSERT INTO `chat_lieu` (`ma_cl`, `ten_cl`) VALUES
(29, 'kaki'),
(30, 'cotton'),
(31, 'POLY'),
(33, 'Vải Dù'),
(34, 'kate'),
(35, 'T-cool'),
(36, 'Vải Sợi Tre'),
(37, 'vải cafe'),
(38, 'cao su tổng hợp'),
(39, 'Da bò'),
(40, 'Da tổng hợp'),
(41, 'vải thô'),
(42, 'Vải dầu');

-- --------------------------------------------------------

--
-- Cấu trúc bảng cho bảng `chi_tiet_don_hang`
--

CREATE TABLE `chi_tiet_don_hang` (
  `so_ct` int(10) NOT NULL,
  `ma_ddh` char(15) NOT NULL,
  `ma_sp` char(15) NOT NULL,
  `ten_mau` varchar(30) NOT NULL,
  `size` char(3) NOT NULL,
  `solg_sp` int(5) NOT NULL,
  `sotien` int(9) NOT NULL,
  `chiet_khau` int(3) NOT NULL,
  `trang_thai` varchar(30) NOT NULL
) ENGINE=InnoDB DEFAULT CHARSET=utf8mb4;

--
-- Đang đổ dữ liệu cho bảng `chi_tiet_don_hang`
--

INSERT INTO `chi_tiet_don_hang` (`so_ct`, `ma_ddh`, `ma_sp`, `ten_mau`, `size`, `solg_sp`, `sotien`, `chiet_khau`, `trang_thai`) VALUES
(86, '2021Y7M16D903', 'AOM30D35S95', 'Đen', 'L', 1, 360000, 0, '4'),
(87, '2021Y7M16D314', 'QUM29D44S84', 'Sọc Xanh Lá', '33', 1, 350000, 0, '3'),
(88, '2021Y7M16D7877', 'AOM30D35S95', 'Đen', 'L', 1, 360000, 0, '3'),
(89, '2021Y7M16D7877', 'AOM30D35S83', 'Trắng', 'XXL', 1, 185000, 0, '3'),
(90, '2021Y7M18D4738', 'AOM30D35S52', 'Đen', 'XXL', 1, 300000, 0, '4'),
(91, '2021Y7M18D5926', 'GIM38D39S99', 'Đen', '35', 10, 2550000, 0, '3'),
(92, '2021Y7M18D5926', 'QUM29D44S34', 'Đỏ', '30', 20, 2790000, 7, '3'),
(93, '2021Y7M19D4385', 'GIM39D42S10', 'Đen', '35', 1, 550000, 0, '3'),
(94, '2021Y7M19D9690', 'QUM29D44S34', 'Đỏ', '28', 1, 150000, 0, '4'),
(95, '2021Y7M23D4605', 'AOM30D35S83', 'Trắng', 'XXL', 10, 1850000, 0, '3'),
(96, '2021Y7M23D2418', 'AOM30D35S83', 'Đen', 'L', 1, 185000, 0, '3'),
(97, '2021Y7M23D2418', 'QUM29D44S83', 'Sọc Xanh', '29', 1, 350000, 0, '3'),
(98, '2021Y7M23D7482', 'QUM29D44S83', 'Sọc Xanh', '33', 10, 3500000, 0, '4'),
(99, '2021Y7M23D5608', 'QUM29D44S83', 'Sọc Xanh', '31', 20, 6580000, 6, '4'),
(100, '2021Y7M23D1679', 'AOM30D35S83', 'Trắng', 'XXL', 189, 32867100, 6, '4'),
(101, '2021Y7M29D9074', 'AOM30D35S83', 'Đen', 'L', 60, 10434000, 6, '4'),
(102, '2021Y7M29D1292', 'AOM30D35S83', 'Đen', 'L', 60, 10434000, 6, '4'),
(103, '2021Y7M29D2520', 'GIM39D42S10', 'Đen', '37', 1, 550000, 0, '4'),
(104, '2021Y7M30D3501', 'QUM29D44S34', 'Đỏ', '28', 1, 150000, 0, '4'),
(105, '2021Y7M30D110', 'AOM30D35S95', 'Đen', 'L', 1, 360000, 0, '3'),
(106, '2021Y7M30D110', 'GIM39D42S10', 'Đen', '35', 1, 550000, 0, '3'),
(107, '2021Y7M30D1866', 'GIM38D40S86', 'Trắng', '35', 1, 425000, 0, '3'),
(108, '2021Y7M30D1866', 'AOM30D35S95', 'Đen', 'L', 1, 360000, 0, '3'),
(109, '2021Y7M31D384', 'GIM38D39S99', 'Đen', '35', 1, 255000, 0, '3'),
(110, '2021Y7M31D384', 'GIM38D40S86', 'Trắng', '36', 1, 425000, 0, '3'),
(111, '2021Y7M31D3756', 'PKM30D48S50', 'Đen', '0', 1, 140000, 0, '3'),
(112, '2021Y7M31D3756', 'PKM40D50S34', 'Đen', '0', 1, 285000, 0, '3'),
(113, '2021Y7M31D3756', 'PKM31D49S21', 'Đen', 'L', 5, 495000, 0, '3'),
(114, '2021Y7M31D3756', 'AOM30D37S94', 'Vàng', 'L', 1, 150000, 0, '3'),
(115, '2021Y7M31D3756', 'AOM30D37S94', 'Đỏ', 'L', 1, 150000, 0, '3'),
(116, '2021Y7M31D3756', 'AOM30D37S94', 'Trắng', 'L', 1, 150000, 0, '3'),
(117, '2021Y7M31D3756', 'GIM38D39S66', 'Đen', '35', 1, 255000, 0, '3'),
(118, '2021Y7M31D2619', 'QUM30D46S78', 'Đen', '28', 1, 425000, 0, '3'),
(119, '2021Y8M1D6871', 'AOM30D35S52', 'Đen', 'L', 1, 300000, 0, '3'),
(120, '2021Y8M1D6871', 'QUM29D44S83', 'Sọc Xanh', '28', 1, 350000, 0, '3'),
(121, '2021Y8M1D6988', 'AOM30D35S52', 'Đen', 'L', 1, 300000, 0, '3'),
(122, '2021Y8M1D6988', 'QUM29D44S83', 'Sọc Xanh', '28', 1, 350000, 0, '3'),
(123, '2021Y8M1D6988', 'AOM30D37S97', 'Đen', 'L', 70, 12173000, 6, '3'),
(124, '2021Y8M5D1062', 'AOM30D35S83', 'Đen', 'XXL', 3, 555000, 0, '1'),
(125, '2021Y8M5D602', 'GIM38D40S86', 'Trắng', '35', 1, 425000, 0, '4'),
(126, '2021Y8M5D602', 'QUM30D46S59', 'Đen', '28', 3, 1275000, 0, '4'),
(127, '2021Y8M5D602', 'QUM29D44S83', 'Sọc Xanh', '28', 1, 350000, 0, '4'),
(128, '2021Y8M5D602', 'AOM30D37S97', 'Đen', 'L', 1, 185000, 0, '4'),
(129, '2021Y8M5D83', 'AOM30D37S97', 'Đen', 'L', 1, 185000, 0, '3'),
(130, '2021Y8M5D83', 'QUM30D46S59', 'Đen', '28', 1, 425000, 0, '3'),
(131, '2021Y8M5D83', 'QUM30D46S68', 'Xanh Lam', '28', 3, 1275000, 0, '3'),
(132, '2021Y8M5D6315', 'QUM29D44S83', 'Sọc Xanh', '28', 1, 350000, 0, '3'),
(133, '2021Y8M5D6315', 'GIM38D39S66', 'Đen', '35', 1, 255000, 0, '3'),
(134, '2021Y8M5D6315', 'AOM30D37S94', 'Đen', 'L', 4, 600000, 0, '3'),
(135, '2021Y8M5D7288', 'QUM30D46S68', 'Xanh Lam', '28', 2, 850000, 0, '4'),
(136, '2021Y8M5D7288', 'QUM30D46S23', 'Xanh Lam', '28', 1, 425000, 0, '4'),
(137, '2021Y8M5D7288', 'QUM30D46S44', 'Đen', '28', 1, 285000, 0, '4'),
(138, '2021Y8M5D3780', 'QUM30D46S23', 'Xanh Lam', '28', 1, 425000, 0, '4'),
(139, '2021Y8M5D3780', 'QUM30D45S99', 'Nâu', '28', 1, 165000, 0, '4'),
(140, '2021Y8M5D1975', 'QUM30D46S44', 'Đen', '28', 1, 285000, 0, '4'),
(141, '2021Y8M5D1975', 'QUM30D46S59', 'Đen', '32', 5, 2125000, 0, '4'),
(142, '2021Y8M5D3904', 'QUM30D46S23', 'Xanh Lam', '28', 1, 425000, 0, '4'),
(143, '2021Y8M5D3904', 'AOM37D38S38', 'Đen', 'XL', 3, 855000, 0, '4'),
(144, '2021Y8M5D532', 'AOM30D35S83', 'Trắng', 'XXL', 4, 740000, 0, '4'),
(145, '2021Y8M5D532', 'GIM38D39S99', 'Đen', '43', 7, 1785000, 0, '4'),
(146, '2021Y8M5D5569', 'QUM30D46S16', 'Xanh Đen', '33', 2, 850000, 0, '4'),
(147, '2021Y8M5D5569', 'GIM39D42S30', 'Đen', '35', 1, 697500, 7, '4'),
(148, '2021Y8M5D5569', 'GIM39D42S30', 'Đen', '43', 199, 138802500, 7, '4'),
(149, '2021Y8M5D767', 'QUM29D44S83', 'Sọc Xanh', '28', 1, 350000, 0, '0'),
(150, '2021Y8M5D9261', 'GIM39D42S10', 'Đen', '35', 1, 550000, 0, '4'),
(151, '2021Y8M5D9261', 'QUM29D44S83', 'Sọc Xanh', '28', 1, 350000, 0, '0'),
(152, '2021Y8M5D6055', 'QUM29D44S34', 'Đỏ', '33', 1, 150000, 0, '0'),
(153, '2021Y8M5D6532', 'QUM29D44S59', 'Xám', '28', 1, 350000, 0, '0'),
(154, '2021Y8M6D1306', 'GIM38D39S66', 'Đen', '35', 1, 255000, 0, '3'),
(155, '2021Y8M6D1306', 'AOM30D37S97', 'Đen', 'L', 1, 185000, 0, '3'),
(156, '2021Y8M6D5753', 'GIM38D39S66', 'Đen', '35', 1, 255000, 0, '0'),
(157, '2021Y8M6D5753', 'PKM40D50S34', 'Đen', '0', 1, 285000, 0, '0'),
(158, '2021Y8M6D5753', 'AOM30D37S94', 'Đen', 'L', 1, 150000, 0, '0'),
(159, '2021Y8M6D6815', 'QUM29D44S83', 'Sọc Xanh', '30', 20, 6580000, 6, '0'),
(160, '2021Y8M6D8781', 'AOM30D35S83', 'Đen', 'XL', 4, 740000, 0, '3'),
(161, '2021Y8M6D8781', 'QUM30D45S75', 'Đen', '31', 4, 1140000, 0, '0'),
(162, '2021Y8M6D8529', 'GIM39D42S10', 'Đen', '39', 4, 2200000, 0, '0'),
(163, '2021Y8M6D8529', 'GIM38D39S66', 'Đen', '39', 4, 1020000, 0, '0'),
(164, '2021Y8M6D8529', 'GIM38D39S99', 'Đen', '39', 4, 1020000, 0, '0'),
(165, '2021Y8M7D4253', 'AOM30D35S83', 'Đen', 'L', 1, 185000, 0, '3'),
(166, '2021Y8M7D4253', 'AOM30D35S63', 'Xanh Đen', 'L', 1, 300000, 0, '4'),
(167, '2021Y8M7D857', 'GIM39D41S83', 'Đen', '42', 1, 550000, 0, '4'),
(168, '2021Y8M8D1576', 'AOM30D35S83', 'Đen', 'L', 1, 185000, 0, '4'),
(169, '2021Y8M8D1565', 'QUM29D44S83', 'Sọc Xanh', '28', 1, 350000, 0, '4'),
(170, '2021Y8M8D6284', 'QUM29D44S83', 'Sọc Xanh', '28', 1, 350000, 0, '4'),
(171, '2021Y8M8D6284', 'QUM29D44S34', 'Đỏ', '28', 1, 150000, 0, '4'),
(172, '2021Y8M8D162', 'AOM30D35S83', 'Đen', 'L', 1, 185000, 0, '4'),
(173, '2021Y8M8D162', 'GIM38D39S99', 'Đen', '35', 1, 255000, 0, '4'),
(174, '2021Y8M16D9496', 'QUM29D44S83', 'Sọc Xanh', '28', 1, 350000, 0, '3'),
(175, '2021Y8M19D2923', 'QUM29D44S83', 'Sọc Xanh', '28', 1, 350000, 0, '0'),
(176, '2021Y8M19D2923', 'PKM31D49S21', 'Đen', 'L', 1, 99000, 0, '0'),
(177, '2021Y8M19D2923', 'PKM40D50S34', 'Đen', '0', 1, 285000, 0, '0'),
(178, '2021Y8M19D3449', 'AOM30D35S52', 'Đen', 'L', 1, 300000, 0, '3'),
(179, '2021Y8M19D3449', 'GIM38D39S99', 'Đen', '35', 1, 255000, 0, '3'),
(180, '2021Y8M19D6950', 'PKM31D49S21', 'Đen', 'L', 1, 99000, 0, '3'),
(181, '2021Y8M19D6950', 'PKM40D50S34', 'Đen', '0', 1, 285000, 0, '3'),
(182, '2021Y8M19D4707', 'AOM37D38S38', 'Đen', 'L', 1, 285000, 0, '3'),
(183, '2021Y8M20D7094', 'GIM38D40S86', 'Trắng', '35', 20, 7990000, 6, '4'),
(184, '2021Y8M20D7094', 'GIM38D40S86', 'Trắng', '40', 10, 3995000, 6, '4');

-- --------------------------------------------------------

--
-- Cấu trúc bảng cho bảng `chi_tiet_phieu_giao`
--

CREATE TABLE `chi_tiet_phieu_giao` (
  `so_ct` int(12) NOT NULL,
  `ma_sp` char(15) NOT NULL,
  `mau` varchar(30) NOT NULL,
  `size` char(3) NOT NULL,
  `chiet_khau` int(3) NOT NULL,
  `solg` int(9) NOT NULL,
  `sotien` int(11) NOT NULL,
  `ma_pg` char(15) NOT NULL
) ENGINE=InnoDB DEFAULT CHARSET=utf8mb4;

--
-- Đang đổ dữ liệu cho bảng `chi_tiet_phieu_giao`
--

INSERT INTO `chi_tiet_phieu_giao` (`so_ct`, `ma_sp`, `mau`, `size`, `chiet_khau`, `solg`, `sotien`, `ma_pg`) VALUES
(139, 'GIM38D39S99', 'Đen', '35', 0, 10, 2550000, '2021M7D275618'),
(140, 'QUM29D44S34', 'Đỏ', '30', 7, 20, 2790000, '2021M7D271211'),
(141, 'QUM29D44S84', 'Sọc Xanh Lá', '33', 0, 1, 350000, '2021M7D272406'),
(142, 'AOM30D35S95', 'Đen', 'L', 0, 1, 360000, '2021M7D271586'),
(143, 'AOM30D35S83', 'Trắng', 'XXL', 0, 10, 1850000, '2021M7D281397'),
(144, 'GIM39D42S10', 'Đen', '35', 0, 1, 550000, '2021M7D297343'),
(145, 'AOM30D35S83', 'Trắng', 'XXL', 0, 1, 185000, '2021M7D293765'),
(146, 'QUM29D44S83', 'Sọc Xanh', '29', 0, 1, 350000, '2021M7D302137'),
(147, 'AOM30D35S95', 'Đen', 'L', 0, 1, 360000, '2021M7D319963'),
(148, 'GIM39D42S10', 'Đen', '35', 0, 1, 550000, '2021M7D319963'),
(149, 'GIM38D39S99', 'Đen', '35', 0, 1, 255000, '2021M7D317771'),
(150, 'GIM38D40S86', 'Trắng', '36', 0, 1, 425000, '2021M7D317771'),
(151, 'QUM30D46S78', 'Đen', '28', 0, 1, 425000, '2021M7D316765'),
(152, 'AOM30D35S52', 'Đen', 'L', 0, 1, 300000, '2021M8D17251'),
(153, 'QUM29D44S83', 'Sọc Xanh', '28', 0, 1, 350000, '2021M8D17251'),
(154, 'AOM30D37S97', 'Đen', 'L', 6, 70, 12173000, '2021M8D17251'),
(155, 'AOM30D35S52', 'Đen', 'L', 0, 1, 300000, '2021M8D57425'),
(156, 'QUM29D44S83', 'Sọc Xanh', '28', 0, 1, 350000, '2021M8D57425'),
(157, 'GIM38D40S86', 'Trắng', '35', 0, 1, 425000, '2021M8D58432'),
(158, 'QUM30D46S59', 'Đen', '28', 0, 3, 1275000, '2021M8D58432'),
(159, 'QUM29D44S83', 'Sọc Xanh', '28', 0, 1, 350000, '2021M8D58432'),
(160, 'AOM30D37S97', 'Đen', 'L', 0, 1, 185000, '2021M8D58432'),
(161, 'QUM30D46S68', 'Xanh Lam', '28', 0, 3, 1275000, '2021M8D55658'),
(162, 'AOM30D37S97', 'Đen', 'L', 0, 1, 185000, '2021M8D52613'),
(163, 'QUM30D46S59', 'Đen', '28', 0, 1, 425000, '2021M8D52613'),
(164, 'GIM38D39S66', 'Đen', '35', 0, 1, 255000, '2021M8D53066'),
(165, 'AOM30D37S94', 'Đen', 'L', 0, 4, 600000, '2021M8D53066'),
(166, 'QUM29D44S83', 'Sọc Xanh', '28', 0, 1, 350000, '2021M8D57599'),
(167, 'AOM30D35S83', 'Đen', 'L', 0, 1, 185000, '2021M8D53412'),
(168, 'GIM38D40S86', 'Trắng', '35', 0, 1, 425000, '2021M8D59349'),
(169, 'AOM30D35S95', 'Đen', 'L', 0, 1, 360000, '2021M8D59349'),
(170, 'PKM30D48S50', 'Đen', '0', 0, 1, 140000, '2021M8D51404'),
(171, 'PKM40D50S34', 'Đen', '0', 0, 1, 285000, '2021M8D51404'),
(172, 'PKM31D49S21', 'Đen', 'L', 0, 5, 495000, '2021M8D51404'),
(173, 'AOM30D37S94', 'Vàng', 'L', 0, 1, 150000, '2021M8D51404'),
(174, 'AOM30D37S94', 'Đỏ', 'L', 0, 1, 150000, '2021M8D51404'),
(175, 'AOM30D37S94', 'Trắng', 'L', 0, 1, 150000, '2021M8D51404'),
(176, 'GIM38D39S66', 'Đen', '35', 0, 1, 255000, '2021M8D51404'),
(177, 'GIM38D39S66', 'Đen', '35', 0, 1, 255000, '2021M8D63655'),
(178, 'AOM30D37S97', 'Đen', 'L', 0, 1, 185000, '2021M8D63655'),
(179, 'GIM39D42S10', 'Đen', '35', 0, 1, 550000, '2021M8D8898'),
(180, 'AOM30D35S83', 'Đen', 'L', 0, 1, 185000, '2021M8D8416'),
(181, 'AOM30D35S63', 'Xanh Đen', 'L', 0, 1, 300000, '2021M8D82892'),
(182, 'AOM30D35S83', 'Đen', 'XL', 0, 4, 740000, '2021M8D98203'),
(183, 'AOM30D35S52', 'Đen', 'L', 0, 1, 300000, '2021M8D194794'),
(184, 'GIM38D39S99', 'Đen', '35', 0, 1, 255000, '2021M8D194794'),
(185, 'PKM31D49S21', 'Đen', 'L', 0, 1, 99000, '2021M8D191856'),
(186, 'PKM40D50S34', 'Đen', '0', 0, 1, 285000, '2021M8D191856'),
(187, 'AOM37D38S38', 'Đen', 'L', 0, 1, 285000, '2021M8D19167'),
(188, 'QUM29D44S83', 'Sọc Xanh', '28', 0, 1, 350000, '2021M8D203691');

-- --------------------------------------------------------

--
-- Cấu trúc bảng cho bảng `chi_tiet_san_pham`
--

CREATE TABLE `chi_tiet_san_pham` (
  `ma_sp` char(15) NOT NULL,
  `ma_size` char(10) NOT NULL,
  `ma_mau` int(10) NOT NULL,
  `so_lg` int(9) NOT NULL
) ENGINE=InnoDB DEFAULT CHARSET=utf8mb4;

--
-- Đang đổ dữ liệu cho bảng `chi_tiet_san_pham`
--

INSERT INTO `chi_tiet_san_pham` (`ma_sp`, `ma_size`, `ma_mau`, `so_lg`) VALUES
('AOM30D35S52', 'L', 2, 1396),
('AOM30D35S52', 'M', 2, 400),
('AOM30D35S52', 'XL', 2, 400),
('AOM30D35S52', 'XXL', 2, 199),
('AOM30D35S63', 'L', 2, 200),
('AOM30D35S63', 'L', 6, 199),
('AOM30D35S63', 'L', 9, 200),
('AOM30D35S63', 'M', 2, 200),
('AOM30D35S63', 'M', 6, 200),
('AOM30D35S63', 'M', 9, 199),
('AOM30D35S63', 'XL', 2, 200),
('AOM30D35S63', 'XL', 6, 180),
('AOM30D35S63', 'XL', 9, 200),
('AOM30D35S63', 'XXL', 2, 200),
('AOM30D35S63', 'XXL', 6, 200),
('AOM30D35S63', 'XXL', 9, 200),
('AOM30D35S83', 'L', 2, 256),
('AOM30D35S83', 'L', 3, 200),
('AOM30D35S83', 'M', 2, 200),
('AOM30D35S83', 'M', 3, 200),
('AOM30D35S83', 'XL', 2, 192),
('AOM30D35S83', 'XL', 3, 200),
('AOM30D35S83', 'XXL', 2, 197),
('AOM30D35S83', 'XXL', 3, 185),
('AOM30D35S95', 'L', 2, 195),
('AOM30D37S28', 'L', 2, 200),
('AOM30D37S28', 'L', 3, 200),
('AOM30D37S28', 'M', 2, 200),
('AOM30D37S28', 'M', 3, 200),
('AOM30D37S28', 'XL', 2, 200),
('AOM30D37S28', 'XL', 3, 200),
('AOM30D37S28', 'XXL', 2, 200),
('AOM30D37S28', 'XXL', 3, 200),
('AOM30D37S94', 'L', 2, 195),
('AOM30D37S94', 'L', 3, 199),
('AOM30D37S94', 'L', 6, 200),
('AOM30D37S94', 'L', 8, 199),
('AOM30D37S94', 'L', 9, 199),
('AOM30D37S94', 'M', 2, 200),
('AOM30D37S94', 'M', 3, 200),
('AOM30D37S94', 'M', 6, 200),
('AOM30D37S94', 'M', 8, 200),
('AOM30D37S94', 'M', 9, 200),
('AOM30D37S94', 'XL', 2, 200),
('AOM30D37S94', 'XL', 3, 200),
('AOM30D37S94', 'XL', 6, 200),
('AOM30D37S94', 'XL', 8, 200),
('AOM30D37S94', 'XL', 9, 200),
('AOM30D37S94', 'XXL', 2, 200),
('AOM30D37S94', 'XXL', 3, 200),
('AOM30D37S94', 'XXL', 6, 200),
('AOM30D37S94', 'XXL', 8, 200),
('AOM30D37S94', 'XXL', 9, 200),
('AOM30D37S97', 'L', 2, 101),
('AOM30D37S97', 'L', 3, 200),
('AOM30D37S97', 'L', 5, 200),
('AOM30D37S97', 'L', 12, 199),
('AOM30D37S97', 'L', 13, 200),
('AOM30D37S97', 'L', 14, 200),
('AOM30D37S97', 'M', 2, 200),
('AOM30D37S97', 'M', 3, 200),
('AOM30D37S97', 'M', 5, 200),
('AOM30D37S97', 'M', 12, 200),
('AOM30D37S97', 'M', 13, 200),
('AOM30D37S97', 'M', 14, 200),
('AOM30D37S97', 'XL', 2, 200),
('AOM30D37S97', 'XL', 3, 200),
('AOM30D37S97', 'XL', 5, 200),
('AOM30D37S97', 'XL', 12, 200),
('AOM30D37S97', 'XL', 13, 200),
('AOM30D37S97', 'XL', 14, 200),
('AOM30D37S97', 'XXL', 2, 200),
('AOM30D37S97', 'XXL', 3, 199),
('AOM30D37S97', 'XXL', 5, 200),
('AOM30D37S97', 'XXL', 12, 200),
('AOM30D37S97', 'XXL', 13, 200),
('AOM30D37S97', 'XXL', 14, 200),
('AOM31D36S18', 'L', 3, 200),
('AOM31D36S18', 'L', 13, 200),
('AOM31D36S18', 'M', 3, 200),
('AOM31D36S18', 'M', 13, 200),
('AOM31D36S18', 'XL', 3, 200),
('AOM31D36S18', 'XL', 13, 200),
('AOM31D36S18', 'XXL', 3, 200),
('AOM31D36S18', 'XXL', 13, 200),
('AOM33D35S7', 'L', 6, 200),
('AOM33D35S7', 'L', 11, 200),
('AOM33D35S7', 'M', 6, 200),
('AOM33D35S7', 'M', 11, 200),
('AOM33D35S7', 'XL', 6, 200),
('AOM33D35S7', 'XL', 11, 200),
('AOM33D35S7', 'XXL', 6, 200),
('AOM33D35S7', 'XXL', 11, 200),
('AOM37D38S38', 'L', 2, 199),
('AOM37D38S38', 'L', 3, 200),
('AOM37D38S38', 'M', 2, 200),
('AOM37D38S38', 'M', 3, 200),
('AOM37D38S38', 'XL', 2, 197),
('AOM37D38S38', 'XL', 3, 200),
('AOM37D38S38', 'XXL', 2, 200),
('AOM37D38S38', 'XXL', 3, 200),
('GIM38D39S66', '35', 2, 173),
('GIM38D39S66', '36', 2, 200),
('GIM38D39S66', '37', 2, 200),
('GIM38D39S66', '38', 2, 200),
('GIM38D39S66', '39', 2, 196),
('GIM38D39S66', '40', 2, 200),
('GIM38D39S66', '41', 2, 200),
('GIM38D39S66', '42', 2, 200),
('GIM38D39S66', '43', 2, 200),
('GIM38D39S66', '44', 2, 180),
('GIM38D39S99', '35', 2, 156),
('GIM38D39S99', '36', 2, 200),
('GIM38D39S99', '37', 2, 200),
('GIM38D39S99', '38', 2, 200),
('GIM38D39S99', '39', 2, 196),
('GIM38D39S99', '40', 2, 200),
('GIM38D39S99', '41', 2, 200),
('GIM38D39S99', '42', 2, 200),
('GIM38D39S99', '43', 2, 193),
('GIM38D39S99', '44', 2, 200),
('GIM38D40S17', '35', 2, 200),
('GIM38D40S17', '36', 2, 200),
('GIM38D40S17', '37', 2, 200),
('GIM38D40S17', '38', 2, 200),
('GIM38D40S17', '39', 2, 200),
('GIM38D40S17', '40', 2, 200),
('GIM38D40S17', '41', 2, 178),
('GIM38D40S17', '42', 2, 200),
('GIM38D40S17', '43', 2, 200),
('GIM38D40S17', '44', 2, 200),
('GIM38D40S86', '35', 3, 118),
('GIM38D40S86', '36', 3, 199),
('GIM38D40S86', '37', 3, 200),
('GIM38D40S86', '38', 3, 200),
('GIM38D40S86', '39', 3, 200),
('GIM38D40S86', '40', 3, 200),
('GIM38D40S86', '41', 3, 200),
('GIM38D40S86', '42', 3, 200),
('GIM38D40S86', '43', 3, 200),
('GIM38D40S86', '44', 3, 200),
('GIM39D41S83', '35', 2, 199),
('GIM39D41S83', '36', 2, 200),
('GIM39D41S83', '37', 2, 200),
('GIM39D41S83', '38', 2, 200),
('GIM39D41S83', '39', 2, 200),
('GIM39D41S83', '40', 2, 200),
('GIM39D41S83', '41', 2, 180),
('GIM39D41S83', '42', 2, 199),
('GIM39D41S83', '43', 2, 200),
('GIM39D41S83', '44', 2, 200),
('GIM39D42S10', '35', 2, 193),
('GIM39D42S10', '36', 2, 200),
('GIM39D42S10', '37', 2, 200),
('GIM39D42S10', '38', 2, 200),
('GIM39D42S10', '39', 2, 196),
('GIM39D42S10', '40', 2, 200),
('GIM39D42S10', '41', 2, 200),
('GIM39D42S10', '42', 2, 199),
('GIM39D42S10', '43', 2, 200),
('GIM39D42S10', '44', 2, 200),
('GIM39D42S30', '35', 2, 199),
('GIM39D42S30', '36', 2, 200),
('GIM39D42S30', '37', 2, 200),
('GIM39D42S30', '38', 2, 200),
('GIM39D42S30', '39', 2, 200),
('GIM39D42S30', '40', 2, 200),
('GIM39D42S30', '41', 2, 200),
('GIM39D42S30', '42', 2, 200),
('GIM39D42S30', '43', 2, 1),
('GIM39D42S30', '44', 2, 200),
('PKM30D48S50', '0', 2, 199),
('PKM31D49S21', 'L', 2, 194),
('PKM31D49S21', 'L', 6, 200),
('PKM31D49S21', 'M', 2, 200),
('PKM31D49S21', 'M', 6, 200),
('PKM31D49S21', 'XL', 2, 200),
('PKM31D49S21', 'XL', 6, 200),
('PKM31D49S21', 'XXL', 2, 200),
('PKM31D49S21', 'XXL', 6, 200),
('PKM40D50S34', '0', 2, 197),
('QUM29D44S34', '28', 9, 199),
('QUM29D44S34', '29', 9, 200),
('QUM29D44S34', '30', 9, 179),
('QUM29D44S34', '31', 9, 200),
('QUM29D44S34', '32', 9, 200),
('QUM29D44S34', '33', 9, 199),
('QUM29D44S59', '28', 11, 199),
('QUM29D44S59', '28', 15, 200),
('QUM29D44S59', '29', 11, 200),
('QUM29D44S59', '29', 15, 200),
('QUM29D44S59', '30', 11, 200),
('QUM29D44S59', '30', 15, 200),
('QUM29D44S59', '31', 11, 200),
('QUM29D44S59', '31', 15, 200),
('QUM29D44S59', '32', 11, 200),
('QUM29D44S59', '32', 15, 200),
('QUM29D44S59', '33', 11, 200),
('QUM29D44S59', '33', 15, 200),
('QUM29D44S69', '28', 2, 200),
('QUM29D44S69', '29', 2, 200),
('QUM29D44S69', '30', 2, 200),
('QUM29D44S69', '31', 2, 200),
('QUM29D44S69', '32', 2, 200),
('QUM29D44S69', '33', 2, 200),
('QUM29D44S8', '28', 9, 200),
('QUM29D44S8', '29', 9, 200),
('QUM29D44S8', '30', 9, 200),
('QUM29D44S8', '31', 9, 200),
('QUM29D44S8', '32', 9, 200),
('QUM29D44S8', '33', 9, 200),
('QUM29D44S83', '28', 7, 192),
('QUM29D44S83', '29', 7, 199),
('QUM29D44S83', '30', 7, 180),
('QUM29D44S83', '31', 7, 180),
('QUM29D44S83', '32', 7, 200),
('QUM29D44S83', '33', 7, 210),
('QUM29D44S84', '28', 16, 200),
('QUM29D44S84', '28', 17, 200),
('QUM29D44S84', '29', 16, 200),
('QUM29D44S84', '29', 17, 200),
('QUM29D44S84', '30', 16, 200),
('QUM29D44S84', '30', 17, 199),
('QUM29D44S84', '31', 16, 200),
('QUM29D44S84', '31', 17, 200),
('QUM29D44S84', '32', 16, 200),
('QUM29D44S84', '32', 17, 200),
('QUM29D44S84', '33', 16, 199),
('QUM29D44S84', '33', 17, 200),
('QUM30D45S75', '28', 2, 200),
('QUM30D45S75', '29', 2, 200),
('QUM30D45S75', '30', 2, 200),
('QUM30D45S75', '31', 2, 196),
('QUM30D45S75', '32', 2, 200),
('QUM30D45S75', '33', 2, 200),
('QUM30D45S99', '28', 15, 199),
('QUM30D45S99', '29', 15, 200),
('QUM30D45S99', '30', 15, 200),
('QUM30D45S99', '31', 15, 200),
('QUM30D45S99', '32', 15, 200),
('QUM30D45S99', '33', 15, 200),
('QUM30D46S16', '28', 6, 200),
('QUM30D46S16', '29', 6, 200),
('QUM30D46S16', '30', 6, 200),
('QUM30D46S16', '31', 6, 200),
('QUM30D46S16', '32', 6, 200),
('QUM30D46S16', '33', 6, 198),
('QUM30D46S23', '28', 18, 197),
('QUM30D46S23', '29', 18, 200),
('QUM30D46S23', '30', 18, 200),
('QUM30D46S23', '31', 18, 200),
('QUM30D46S23', '32', 18, 200),
('QUM30D46S23', '33', 18, 200),
('QUM30D46S44', '28', 2, 198),
('QUM30D46S44', '29', 2, 200),
('QUM30D46S44', '30', 2, 200),
('QUM30D46S44', '31', 2, 200),
('QUM30D46S44', '32', 2, 200),
('QUM30D46S44', '33', 2, 200),
('QUM30D46S59', '28', 2, 196),
('QUM30D46S59', '29', 2, 198),
('QUM30D46S59', '30', 2, 200),
('QUM30D46S59', '31', 2, 200),
('QUM30D46S59', '32', 2, 195),
('QUM30D46S59', '33', 2, 200),
('QUM30D46S68', '28', 18, 188),
('QUM30D46S68', '29', 18, 200),
('QUM30D46S68', '30', 18, 200),
('QUM30D46S68', '31', 18, 200),
('QUM30D46S68', '32', 18, 200),
('QUM30D46S68', '33', 18, 200),
('QUM30D46S69', '28', 18, 200),
('QUM30D46S69', '29', 18, 200),
('QUM30D46S69', '30', 18, 200),
('QUM30D46S69', '31', 18, 200),
('QUM30D46S69', '32', 18, 200),
('QUM30D46S69', '33', 18, 200),
('QUM30D46S78', '28', 2, 199),
('QUM30D46S78', '29', 2, 200),
('QUM30D46S78', '30', 2, 200),
('QUM30D46S78', '31', 2, 200),
('QUM30D46S78', '32', 2, 200),
('QUM30D46S78', '33', 2, 200);

-- --------------------------------------------------------

--
-- Cấu trúc bảng cho bảng `danh_gia`
--

CREATE TABLE `danh_gia` (
  `rating_id` int(11) NOT NULL,
  `ma_sp` char(15) NOT NULL,
  `rating` int(10) NOT NULL,
  `user_id` int(11) NOT NULL
) ENGINE=InnoDB DEFAULT CHARSET=utf8mb4;

--
-- Đang đổ dữ liệu cho bảng `danh_gia`
--

INSERT INTO `danh_gia` (`rating_id`, `ma_sp`, `rating`, `user_id`) VALUES
(100, 'AOM30D35S95', 5, 2),
(101, 'QUM30D46S78', 4, 2),
(102, 'AOM30D35S95', 5, 2),
(103, 'AOM30D35S95', 4, 2),
(104, 'AOM30D35S95', 3, 2),
(105, 'AOM30D35S95', 3, 2),
(106, 'AOM30D35S95', 3, 2),
(107, 'AOM30D35S95', 3, 2),
(108, 'AOM30D35S95', 5, 2),
(109, 'AOM30D35S95', 5, 2),
(110, 'QUM29D44S84', 5, 2),
(111, 'AOM30D35S83', 4, 2),
(112, 'GIM38D39S99', 5, 2),
(113, 'GIM38D40S86', 5, 2),
(114, 'AOM30D35S52', 4, 2),
(115, 'PKM40D50S34', 5, 2),
(116, 'PKM31D49S21', 5, 2),
(117, 'AOM37D38S38', 5, 2);

-- --------------------------------------------------------

--
-- Cấu trúc bảng cho bảng `danh_muc_sp`
--

CREATE TABLE `danh_muc_sp` (
  `ma_dm` char(15) NOT NULL,
  `danh_muc` varchar(30) NOT NULL,
  `ma_tk` int(10) NOT NULL,
  `ma_cl` int(10) NOT NULL,
  `trang_thai` int(1) NOT NULL
) ENGINE=InnoDB DEFAULT CHARSET=utf8mb4;

--
-- Đang đổ dữ liệu cho bảng `danh_muc_sp`
--

INSERT INTO `danh_muc_sp` (`ma_dm`, `danh_muc`, `ma_tk`, `ma_cl`, `trang_thai`) VALUES
('AOM30D35', 'AO', 35, 30, 1),
('AOM30D37', 'AO', 37, 30, 1),
('AOM30D38', 'AO', 38, 30, 1),
('AOM31D36', 'AO', 36, 31, 1),
('AOM31D37', 'AO', 37, 31, 1),
('AOM33D35', 'AO', 35, 33, 1),
('AOM34D38', 'AO', 38, 34, 1),
('AOM35D38', 'AO', 38, 35, 1),
('AOM36D38', 'AO', 38, 36, 1),
('AOM37D38', 'AO', 38, 37, 1),
('AOM39D35', 'AO', 35, 39, 1),
('AOM39D38', 'AO', 38, 39, 1),
('AOM39D50', 'AO', 50, 39, 1),
('AOM42D35', 'AO', 35, 42, 1),
('GIM38D39', 'GI', 39, 38, 1),
('GIM38D40', 'GI', 40, 38, 1),
('GIM38D43', 'GI', 43, 38, 1),
('GIM39D41', 'GI', 41, 39, 1),
('GIM39D42', 'GI', 42, 39, 1),
('PKM30D48', 'PK', 48, 30, 1),
('PKM31D49', 'PK', 49, 31, 1),
('PKM39D50', 'PK', 50, 39, 1),
('PKM40D50', 'PK', 50, 40, 1),
('QUM29D44', 'QU', 44, 29, 1),
('QUM30D45', 'QU', 45, 30, 1),
('QUM30D46', 'QU', 46, 30, 1);

-- --------------------------------------------------------

--
-- Cấu trúc bảng cho bảng `don_dat_hang`
--

CREATE TABLE `don_dat_hang` (
  `ma_ddh` char(15) NOT NULL,
  `ngdat` varchar(255) NOT NULL DEFAULT current_timestamp(),
  `nggiaodk` varchar(255) NOT NULL,
  `solg_sp` int(4) NOT NULL,
  `ck_tong` int(2) NOT NULL,
  `tong_tt` int(9) NOT NULL,
  `trangthai` varchar(20) NOT NULL,
  `tien_coc` int(9) NOT NULL,
  `ma_kh` char(10) NOT NULL,
  `phigiao` int(10) NOT NULL
) ENGINE=InnoDB DEFAULT CHARSET=utf8mb4;

--
-- Đang đổ dữ liệu cho bảng `don_dat_hang`
--

INSERT INTO `don_dat_hang` (`ma_ddh`, `ngdat`, `nggiaodk`, `solg_sp`, `ck_tong`, `tong_tt`, `trangthai`, `tien_coc`, `ma_kh`, `phigiao`) VALUES
('2021Y7M16D314', '2021-07-16', '23-07-2021', 1, 0, 350000, '3', 0, '5703903385', 35000),
('2021Y7M16D7877', '2021-07-16', '23-07-2021', 2, 3, 528650, '3', 0, '5703903385', 35000),
('2021Y7M16D903', '2021-07-15', '23-07-2021', 1, 0, 360000, '4', 0, '5703903385', 35000),
('2021Y7M18D4738', '2021-07-17', '25-07-2021', 1, 0, 300000, '4', 0, '5703903385', 35000),
('2021Y7M18D5926', '2021-07-14', '25-07-2021', 30, 10, 4806000, '3', 0, '7332983802', 0),
('2021Y7M19D4385', '2021-07-19', '26-07-2021', 1, 3, 533500, '3', 0, '9844570512', 35000),
('2021Y7M19D9690', '2021-07-19', '26-07-2021', 1, 0, 150000, '4', 0, '8068185195', 35000),
('2021Y7M23D1679', '2021-07-23', '30-07-2021', 189, 13, 28594377, '4', 8578313, '4620619130', 0),
('2021Y7M23D2418', '2021-07-23', '30-07-2021', 2, 3, 518950, '3', 0, '1373789280', 35000),
('2021Y7M23D4605', '2021-07-23', '30-07-2021', 10, 5, 1757500, '3', 0, '8068185195', 35000),
('2021Y7M23D5608', '2021-07-23', '30-07-2021', 20, 10, 5922000, '4', 0, '5703903385', 0),
('2021Y7M23D7482', '2021-07-23', '30-07-2021', 10, 7, 3255000, '4', 0, '8068185195', 35000),
('2021Y7M29D1292', '2021-07-29', '05-08-2021', 60, 10, 9390600, '4', 2817180, '5703903385', 0),
('2021Y7M29D2520', '2021-07-29', '05-08-2021', 1, 3, 533500, '4', 0, '4620619130', 35000),
('2021Y7M29D9074', '2021-07-29', '05-08-2021', 60, 10, 9390600, '4', 2817180, '5703903385', 0),
('2021Y7M30D110', '2021-07-30', '06-08-2021', 2, 3, 882700, '3', 0, '4148961068', 35000),
('2021Y7M30D1866', '2021-07-30', '06-08-2021', 2, 3, 761450, '3', 0, '4148961068', 35000),
('2021Y7M30D3501', '2021-07-30', '06-08-2021', 1, 0, 150000, '4', 0, '1373789280', 35000),
('2021Y7M31D2619', '2021-07-31', '07-08-2021', 1, 0, 425000, '3', 0, '5182345298', 35000),
('2021Y7M31D3756', '2021-07-31', '07-08-2021', 11, 5, 1543750, '3', 0, '9822975201', 35000),
('2021Y7M31D384', '2021-07-31', '07-08-2021', 2, 3, 659600, '3', 0, '5703903385', 35000),
('2021Y8M16D3348', '2021-08-16', '23-08-2021', 0, 0, 0, '4', 0, '1373789280', 35000),
('2021Y8M16D9496', '2021-08-16', '23-08-2021', 1, 0, 350000, '3', 0, '1373789280', 35000),
('2021Y8M19D2923', '2021-08-19', '26-08-2021', 3, 3, 711980, '0', 0, '8068185195', 35000),
('2021Y8M19D3449', '2021-08-19', '26-08-2021', 2, 3, 538350, '3', 0, '8068185195', 35000),
('2021Y8M19D4707', '2021-08-19', '26-08-2021', 1, 0, 285000, '3', 0, '5182345298', 35000),
('2021Y8M19D6950', '2021-08-19', '26-08-2021', 2, 0, 384000, '3', 0, '5703903385', 35000),
('2021Y8M1D6871', '2021-08-01', '08-08-2021', 2, 3, 630500, '3', 0, '5184633568', 35000),
('2021Y8M1D6988', '2021-08-01', '08-08-2021', 72, 10, 11540700, '3', 3462210, '5184633568', 0),
('2021Y8M20D7094', '2021-08-20', '27-08-2021', 30, 10, 10786500, '4', 0, '8068185195', 0),
('2021Y8M5D1062', '2021-08-05', '12-08-2021', 3, 3, 538350, '2', 0, '2708189983', 35000),
('2021Y8M5D1975', '2021-08-05', '12-08-2021', 6, 5, 2289500, '4', 0, '4480551765', 35000),
('2021Y8M5D3780', '2021-08-05', '12-08-2021', 2, 3, 572300, '4', 0, '4480551765', 35000),
('2021Y8M5D3904', '2021-08-05', '12-08-2021', 4, 3, 1241600, '4', 0, '4480551765', 35000),
('2021Y8M5D532', '2021-08-05', '12-08-2021', 11, 5, 2398750, '4', 0, '4480551765', 35000),
('2021Y8M5D5569', '2021-08-05', '12-08-2021', 202, 15, 119297500, '4', 35789250, '4480551765', 0),
('2021Y8M5D602', '2021-08-05', '12-08-2021', 6, 5, 2123250, '4', 0, '4480551765', 35000),
('2021Y8M5D6055', '2021-08-05', '12-08-2021', 1, 0, 150000, '0', 0, '2708189983', 35000),
('2021Y8M5D6315', '2021-08-05', '12-08-2021', 6, 3, 1168850, '3', 0, '4480551765', 35000),
('2021Y8M5D6532', '2021-08-05', '12-08-2021', 1, 0, 350000, '0', 0, '7264302716', 35000),
('2021Y8M5D7288', '2021-08-05', '12-08-2021', 4, 5, 1482000, '4', 0, '4480551765', 35000),
('2021Y8M5D767', '2021-08-05', '12-08-2021', 1, 0, 350000, '0', 0, '7264302716', 35000),
('2021Y8M5D83', '2021-08-05', '12-08-2021', 5, 5, 1790750, '3', 0, '4480551765', 35000),
('2021Y8M5D9261', '2021-08-05', '12-08-2021', 2, 3, 873000, '4', 0, '7264302716', 35000),
('2021Y8M6D1306', '2021-08-06', '13-08-2021', 2, 0, 440000, '3', 0, '6639198964', 35000),
('2021Y8M6D5753', '2021-08-06', '13-08-2021', 3, 3, 669300, '0', 0, '3850675042', 35000),
('2021Y8M6D6815', '2021-08-06', '13-08-2021', 20, 10, 5922000, '0', 0, '3850675042', 0),
('2021Y8M6D8529', '2021-08-06', '13-08-2021', 12, 7, 3943200, '0', 0, '3842293458', 35000),
('2021Y8M6D8781', '2021-08-06', '13-08-2021', 8, 5, 1786000, '1', 0, '3842293458', 35000),
('2021Y8M7D4253', '2021-08-07', '14-08-2021', 2, 0, 485000, '4', 0, '1008842797', 35000),
('2021Y8M7D857', '2021-08-07', '14-08-2021', 1, 3, 533500, '4', 0, '1008842797', 35000),
('2021Y8M8D1565', '2021-08-08', '15-08-2021', 1, 0, 350000, '4', 0, '1373789280', 35000),
('2021Y8M8D1576', '2021-08-08', '15-08-2021', 1, 0, 185000, '4', 0, '1373789280', 35000),
('2021Y8M8D162', '2021-08-08', '15-08-2021', 2, 0, 440000, '4', 0, '5703903385', 35000),
('2021Y8M8D6284', '2021-08-08', '15-08-2021', 2, 3, 485000, '4', 0, '1373789280', 35000);

-- --------------------------------------------------------

--
-- Cấu trúc bảng cho bảng `hinh_anh`
--

CREATE TABLE `hinh_anh` (
  `ma_hinh` int(15) NOT NULL,
  `goc_nhin` varchar(20) NOT NULL,
  `hinhanh` varchar(255) NOT NULL,
  `ngcapnhap` timestamp NOT NULL DEFAULT current_timestamp() ON UPDATE current_timestamp(),
  `ma_sp` char(15) NOT NULL
) ENGINE=InnoDB DEFAULT CHARSET=utf8mb4;

--
-- Đang đổ dữ liệu cho bảng `hinh_anh`
--

INSERT INTO `hinh_anh` (`ma_hinh`, `goc_nhin`, `hinhanh`, `ngcapnhap`, `ma_sp`) VALUES
(22, '0', '01-152.jpg', '2021-06-16 15:01:11', 'AOM30D35S52'),
(23, '1', '04-404.jpg', '2021-06-16 15:01:19', 'AOM30D35S52'),
(25, '2', '03-904.jpg', '2021-06-16 15:01:35', 'AOM30D35S52'),
(26, '3', '02-706.jpg', '2021-06-16 15:03:10', 'AOM30D35S52'),
(27, '4', '05-672.jpg', '2021-06-16 15:03:31', 'AOM30D35S52'),
(28, '0', '88c7bfe3-99d1-0700-c2d4-00171b9a2a31-467.jpg', '2021-06-16 15:09:20', 'AOM30D35S63'),
(29, '1', 'f42bb84a-d001-fc00-aacf-00175e95364c-944.jpg', '2021-06-16 15:09:29', 'AOM30D35S52'),
(30, '2', 'eb4cbebd-8d03-f900-c724-00175e95362e-762.jpg', '2021-06-16 15:09:41', 'AOM30D35S52'),
(31, '3', '5078ab22-7da8-fb00-d6ee-00175e953641-26.jpg', '2021-06-16 15:09:52', 'AOM30D35S52'),
(32, '4', 'd7a48f2b-742d-fd00-004c-00175e95365b-905.jpg', '2021-06-16 15:10:00', 'AOM30D35S52'),
(33, '0', '08-294.jpg', '2021-06-16 15:31:45', 'AOM33D35S7'),
(34, '1', '07-332.jpg', '2021-06-16 15:31:57', 'AOM33D35S7'),
(35, '2', '09-184.jpg', '2021-06-16 15:32:07', 'AOM33D35S7'),
(36, '5', '10-787.jpg', '2021-06-16 15:32:53', 'AOM33D35S7'),
(37, '4', '11-267.jpg', '2021-06-16 15:33:03', 'AOM33D35S7'),
(38, '5', '12-427.jpg', '2021-06-16 15:33:45', 'AOM30D35S63'),
(39, '5', '13-344.jpg', '2021-06-16 15:33:56', 'AOM33D35S7'),
(40, '4', '14-893.jpg', '2021-06-16 15:34:20', 'AOM33D35S7'),
(41, '0', '15 (1)-402.jpg', '2021-06-16 15:39:21', 'AOM30D35S95'),
(42, '1', '15 (2)-43.jpg', '2021-06-16 15:39:30', 'AOM33D35S7'),
(43, '2', '15 (4)-200.jpg', '2021-06-16 15:39:41', 'AOM30D35S52'),
(44, '3', '15 (3)-485.jpg', '2021-06-16 15:39:50', 'AOM30D35S52'),
(46, '1', '16 (4)-25.jpg', '2021-06-16 15:44:08', 'AOM31D36S18'),
(47, '2', '16 (3)-908.jpg', '2021-06-16 15:44:19', 'AOM31D36S18'),
(48, '3', '16 (2)-910.jpg', '2021-06-16 15:44:28', 'AOM31D36S18'),
(49, '4', '16 (1)-186.jpg', '2021-06-16 15:44:50', 'AOM33D35S7'),
(50, '0', '17 (2)-248.jpg', '2021-06-16 15:50:53', 'AOM30D37S28'),
(51, '1', '17 (5)-156.jpg', '2021-06-16 15:51:43', 'AOM30D37S28'),
(52, '2', '17 (4)-321.jpg', '2021-06-16 15:51:57', 'AOM30D37S28'),
(53, '3', '17 (6)-581.jpg', '2021-06-16 15:52:08', 'AOM30D37S28'),
(54, '0', '20 (6)-317.jpg', '2021-06-16 16:04:04', 'AOM31D36S18'),
(55, '1', '20 (1)-317.jpg', '2021-06-16 16:04:15', 'AOM31D36S18'),
(56, '1', '20 (4)-401.jpg', '2021-06-16 16:04:27', 'AOM31D36S18'),
(57, '1', '20 (4)-311.jpg', '2021-06-16 16:04:34', 'AOM31D36S18'),
(58, '0', '19 (6)-626.jpg', '2021-06-16 16:04:55', 'AOM30D35S83'),
(59, '1', '19 (4)-328.jpg', '2021-06-16 16:05:07', 'AOM30D35S83'),
(60, '1', '19 (5)-929.jpg', '2021-06-16 16:05:18', 'AOM30D35S83'),
(61, '1', '19 (7)-615.jpg', '2021-06-16 16:05:27', 'AOM30D35S83'),
(62, '0', '20 (3)-646.jpg', '2021-06-17 02:26:25', 'AOM30D37S97'),
(63, '0', '21 (1)-330.jpg', '2021-06-17 02:36:05', 'AOM30D37S94'),
(64, '1', '21 (2)-972.jpg', '2021-06-17 02:36:16', 'AOM30D37S94'),
(65, '1', '21 (4)-659.jpg', '2021-06-17 02:36:30', 'AOM30D37S94'),
(66, '1', '21 (3)-972.jpg', '2021-06-17 02:36:41', 'AOM30D37S94'),
(67, '1', '21 (5)-580.jpg', '2021-06-17 02:36:57', 'AOM30D37S94'),
(68, '0', '3e88fbde-7008-7900-27b0-00170b2ae682-166.jpg', '2021-06-17 02:40:50', 'AOM34D38S56'),
(69, '1', '22 (5)-430.jpg', '2021-06-17 02:41:42', 'AOM34D38S56'),
(70, '1', '22 (4)-895.jpg', '2021-06-17 02:41:56', 'AOM34D38S56'),
(71, '1', '22 (6)-683.jpg', '2021-06-17 02:42:11', 'AOM34D38S56'),
(72, '0', 'c263981e-86a5-1700-ffb1-00179404c5ae-811.jpg', '2021-06-17 02:54:11', 'AOM35D38S38'),
(73, '1', 'ffa11ea7-fb4a-5d00-887a-0017941277fb-119.jpg', '2021-06-17 02:54:33', 'AOM35D38S38'),
(74, '1', '47d841e0-37df-ac00-c9e3-001794a1c502-588.jpg', '2021-06-17 02:54:44', 'AOM35D38S38'),
(75, '1', '23 (4)-168.jpg', '2021-06-17 02:55:17', 'AOM35D38S38'),
(76, '1', '23 (3)-573.jpg', '2021-06-17 02:57:05', 'AOM35D38S38'),
(77, '0', '34 (5)-379.jpg', '2021-06-17 03:05:28', 'AOM36D38S51'),
(78, '1', '34 (1)-838.jpg', '2021-06-17 03:05:43', 'AOM36D38S51'),
(79, '1', '34 (5)-303.jpg', '2021-06-17 03:05:57', 'AOM36D38S51'),
(80, '1', '34 (2)-761.jpg', '2021-06-17 03:07:18', 'AOM36D38S51'),
(81, '0', '25 (1)-694.jpg', '2021-06-17 03:13:16', 'AOM37D38S38'),
(82, '1', '25 (2)-650.jpg', '2021-06-17 03:13:28', 'AOM37D38S38'),
(83, '1', '25 (5)-688.jpg', '2021-06-17 03:13:38', 'AOM37D38S38'),
(84, '0', '26 (2)-507.jpg', '2021-06-17 03:21:38', 'QUM29D44S8'),
(85, '1', '26 (1)-204.jpg', '2021-06-17 03:21:50', 'QUM29D44S8'),
(86, '1', '26 (3)-773.jpg', '2021-06-17 03:22:21', 'QUM29D44S8'),
(87, '1', '26 (4)-174.jpg', '2021-06-17 03:22:28', 'QUM29D44S8'),
(90, '0', '29 (2)-831.jpg', '2021-06-17 03:35:22', 'QUM30D45S99'),
(91, '1', '29 (6)-761.jpg', '2021-06-17 03:35:31', 'QUM30D45S99'),
(92, '1', '29 (3)-85.jpg', '2021-06-17 03:35:39', 'QUM30D45S99'),
(93, '1', '29 (4)-946.jpg', '2021-06-17 03:35:46', 'QUM30D45S99'),
(94, '1', '29 (5)-998.jpg', '2021-06-17 03:35:51', 'QUM30D45S99'),
(95, '0', '28 (1)-646.jpg', '2021-06-17 03:42:50', 'QUM29D44S34'),
(96, '1', '28 (2)-216.jpg', '2021-06-17 03:43:29', 'QUM29D44S34'),
(97, '1', '28 (4)-890.jpg', '2021-06-17 03:43:40', 'QUM29D44S34'),
(98, '0', '30 (2)-595.jpg', '2021-06-17 04:00:16', 'QUM30D46S68'),
(99, '1', '30 (3)-902.jpg', '2021-06-17 04:00:55', 'QUM30D46S68'),
(100, '1', '30 (7)-990.jpg', '2021-06-17 04:01:29', 'QUM30D46S68'),
(101, '1', '30 (5)-791.jpg', '2021-06-17 04:01:56', 'QUM30D46S68'),
(102, '0', '00c600c1-d979-2f01-379f-00179fa4a692-327.jpg', '2021-06-17 04:06:36', 'QUM30D46S69'),
(103, '1', 'e39a73d8-bbd3-2e01-0114-00179fa4a685-880.jpg', '2021-06-17 04:07:00', 'QUM30D46S69'),
(104, '1', 'b56ebfa9-d669-3001-5db3-00179fa4a6a2-74.jpg', '2021-06-17 04:07:28', 'QUM30D46S69'),
(105, '1', '2afbf7c4-d325-1e00-e3bd-00179f12ea0b-640.jpg', '2021-06-17 04:08:17', 'QUM30D46S69'),
(106, '0', '31 (3)-369.jpg', '2021-06-17 04:10:22', 'QUM30D46S23'),
(108, '1', '31 (4)-756.jpg', '2021-06-17 04:12:44', 'QUM30D46S23'),
(110, '1', '31 (4)-396.jpg', '2021-06-17 04:15:14', 'QUM30D46S23'),
(111, '1', '31 (6)-966.jpg', '2021-06-17 04:15:24', 'QUM30D46S23'),
(112, '1', '31 (1)-219.jpg', '2021-06-17 04:15:38', 'QUM30D46S23'),
(113, '0', '32 (2)-34.jpg', '2021-06-17 04:18:01', 'QUM30D46S78'),
(114, '1', '32 (3)-974.jpg', '2021-06-17 04:18:14', 'QUM30D46S78'),
(115, '1', '32 (5)-330.jpg', '2021-06-17 04:18:23', 'QUM30D46S78'),
(116, '1', '32 (7)-372.jpg', '2021-06-17 04:18:30', 'QUM30D46S78'),
(118, '0', '33 (4)-305.jpg', '2021-06-17 04:23:48', 'QUM30D46S59'),
(119, '1', '33 (3)-836.jpg', '2021-06-17 04:24:14', 'QUM30D46S59'),
(120, '1', '33 (7)-622.jpg', '2021-06-17 04:24:46', 'QUM30D46S59'),
(121, '1', '33 (6)-803.jpg', '2021-06-17 04:24:57', 'QUM30D46S59'),
(122, '0', '35 (2)-700.jpg', '2021-06-17 04:32:08', 'QUM30D46S83'),
(123, '1', '35 (1)-253.jpg', '2021-06-17 04:32:36', 'QUM30D46S83'),
(124, '1', '35 (4)-909.jpg', '2021-06-17 04:32:46', 'QUM30D46S83'),
(125, '1', '35 (8)-455.jpg', '2021-06-17 04:32:57', 'QUM30D46S83'),
(126, '1', '35 (5)-530.jpg', '2021-06-17 04:33:04', 'QUM30D46S83'),
(130, '1', '36 (7)-539.jpg', '2021-06-17 04:36:53', 'QUM30D46S16'),
(131, '0', '37 (3)-292.jpg', '2021-06-17 04:40:21', 'QUM30D45S75'),
(132, '1', '37 (1)-824.jpg', '2021-06-17 04:40:45', 'QUM30D45S75'),
(133, '1', '37 (5)-445.jpg', '2021-06-17 04:42:14', 'QUM30D45S75'),
(134, '1', '37 (4)-333.jpg', '2021-06-17 04:43:16', 'QUM30D45S75'),
(135, '0', '38 (1)-215.jpg', '2021-06-17 04:45:22', 'QUM30D46S44'),
(136, '1', '38 (2)-101.jpg', '2021-06-17 04:45:35', 'QUM30D46S44'),
(137, '1', '38 (4)-94.jpg', '2021-06-17 04:45:52', 'QUM30D46S44'),
(138, '0', '39 (3)-67.jpg', '2021-06-17 04:48:35', 'QUM29D44S69'),
(139, '1', '39 (4)-507.jpg', '2021-06-17 04:49:06', 'QUM29D44S69'),
(140, '1', '39 (6)-270.jpg', '2021-06-17 04:49:23', 'QUM29D44S69'),
(141, '0', '40 (5)-648.jpg', '2021-06-17 05:03:04', 'QUM29D44S84'),
(142, '1', '40 (2)-461.jpg', '2021-06-17 05:03:23', 'QUM29D44S84'),
(143, '1', '40 (6)-982.jpg', '2021-06-17 05:03:34', 'QUM29D44S84'),
(144, '1', '40 (3)-604.jpg', '2021-06-17 05:03:53', 'QUM29D44S84'),
(145, '0', '40 (7)-315.jpg', '2021-06-17 06:23:02', 'QUM29D44S59'),
(146, '1', '40 (6)-164.jpg', '2021-06-17 06:23:37', 'QUM29D44S59'),
(147, '1', '40 (5)-395.jpg', '2021-06-17 06:23:53', 'QUM29D44S8'),
(148, '1', '40 (1)-795.jpg', '2021-06-17 06:24:07', 'QUM29D44S59'),
(149, '0', '41 (3)-101.jpg', '2021-06-17 06:28:27', 'QUM29D44S83'),
(150, '1', '41 (2)-220.jpg', '2021-06-17 06:28:52', 'QUM29D44S83'),
(151, '1', '41 (1)-935.jpg', '2021-06-17 06:29:01', 'QUM29D44S83'),
(152, '1', '41 (5)-458.jpg', '2021-06-17 06:29:20', 'QUM29D44S83'),
(153, '0', '42 (6)-543.jpg', '2021-06-17 06:34:10', 'GIM38D39S66'),
(154, '1', '42 (1)-402.jpg', '2021-06-17 06:34:23', 'GIM38D39S66'),
(155, '1', '42 (8)-506.jpg', '2021-06-17 06:34:39', 'GIM38D39S66'),
(162, '0', '45 (7)-291.jpg', '2021-06-17 07:29:06', 'GIM38D39S99'),
(163, '1', '45 (8)-847.jpg', '2021-06-17 07:29:24', 'GIM38D39S99'),
(164, '0', '50 (2)-409.jpg', '2021-06-17 07:37:10', 'GIM38D40S17'),
(165, '1', '50 (3)-237.jpg', '2021-06-17 07:37:27', 'GIM38D40S17'),
(166, '1', '50 (7)-14.jpg', '2021-06-17 07:38:32', 'GIM38D40S17'),
(167, '1', '50 (6)-855.jpg', '2021-06-17 07:38:45', 'GIM38D40S17'),
(168, '1', '50 (5)-405.jpg', '2021-06-17 07:39:05', 'GIM38D40S17'),
(169, '0', '51 (2)-904.jpg', '2021-06-17 07:51:27', 'GIM39D41S83'),
(170, '1', '51 (1)-837.jpg', '2021-06-17 07:51:56', 'GIM39D41S83'),
(171, '1', '51 (6)-422.jpg', '2021-06-17 07:52:32', 'GIM39D41S83'),
(172, '1', '51 (4)-652.jpg', '2021-06-17 07:52:48', 'GIM39D41S83'),
(173, '1', '51 (5)-971.jpg', '2021-06-17 07:53:09', 'GIM39D41S83'),
(174, '1', '51 (3)-363.jpg', '2021-06-17 07:53:43', 'GIM39D41S83'),
(178, '0', '52 (1)-369.jpg', '2021-06-17 08:18:32', 'GIM39D42S10'),
(179, '1', '52 (3)-724.jpg', '2021-06-17 08:18:45', 'GIM39D42S10'),
(180, '1', '52 (7)-374.jpg', '2021-06-17 08:19:18', 'GIM39D42S10'),
(181, '0', '75b3cecd-341a-4201-0cd7-001676c8f18f-789.jpg', '2021-06-17 08:22:08', 'GIM39D42S30'),
(182, '1', 'a7feeaeb-db75-4401-94ae-001676c8f199-462.jpg', '2021-06-17 08:22:27', 'GIM39D42S30'),
(183, '1', 'b7da5b6d-6f0e-4301-3273-001676c8f197-547.jpg', '2021-06-17 08:22:44', 'GIM39D42S30'),
(184, '0', '53 (3)-953.jpg', '2021-06-17 08:30:59', 'GIM38D40S86'),
(185, '1', '53 (9)-84.jpg', '2021-06-17 08:31:42', 'GIM38D40S86'),
(186, '1', '53 (7)-290.jpg', '2021-06-17 08:31:54', 'GIM38D40S86'),
(187, '1', '53 (2)-737.jpg', '2021-06-17 08:32:11', 'GIM38D40S86'),
(188, '0', '59 (3)-490.jpg', '2021-06-17 08:40:23', 'PKM40D50S34'),
(189, '1', '59 (1)-776.jpg', '2021-06-17 08:40:44', 'PKM40D50S34'),
(190, '1', '59 (2)-628.jpg', '2021-06-17 08:41:01', 'PKM40D50S34'),
(191, '1', '59 (5)-455.jpg', '2021-06-17 08:41:14', 'PKM40D50S34'),
(192, '1', '59 (4)-756.jpg', '2021-06-17 08:41:23', 'PKM40D50S34'),
(193, '0', '62 (3)-46.jpg', '2021-06-17 08:47:21', 'PKM30D48S50'),
(194, '1', '62 (2)-799.jpg', '2021-06-17 08:47:39', 'PKM30D48S50'),
(195, '1', '62 (7)-862.jpg', '2021-06-17 08:47:52', 'PKM30D48S50'),
(196, '1', '62 (6)-79.jpg', '2021-06-17 08:48:02', 'PKM30D48S50'),
(197, '0', '64 (3)-760.jpg', '2021-06-17 08:51:41', 'PKM31D49S21'),
(198, '1', '64 (2)-171.jpg', '2021-06-17 08:51:50', 'PKM31D49S21'),
(199, '1', '64 (7)-274.jpg', '2021-06-17 08:51:57', 'PKM31D49S21'),
(200, '1', '64 (1)-460.jpg', '2021-06-17 08:52:05', 'PKM31D49S21'),
(201, '0', '36 (2)-491.jpg', '2021-06-17 10:52:18', 'QUM30D46S16'),
(202, '1', '36 (7)-180.jpg', '2021-06-17 10:52:31', 'QUM30D46S16'),
(203, '1', '36 (4)-500.jpg', '2021-06-17 10:52:37', 'QUM30D46S16'),
(204, '1', '36 (3)-813.jpg', '2021-06-17 10:52:45', 'QUM30D46S16'),
(225, '0', '20 (6)-597.jpg', '2021-07-24 10:12:01', 'AOM31D37S74'),
(226, '1', '20 (1)-861.jpg', '2021-07-24 10:12:12', 'AOM31D37S74');

-- --------------------------------------------------------

--
-- Cấu trúc bảng cho bảng `khach_hang`
--

CREATE TABLE `khach_hang` (
  `ma_kh` char(10) NOT NULL,
  `ten_kh` varchar(30) NOT NULL,
  `sodt` varchar(10) NOT NULL,
  `diachi` varchar(255) NOT NULL,
  `email` varchar(255) NOT NULL,
  `trangthai` varchar(20) NOT NULL
) ENGINE=InnoDB DEFAULT CHARSET=utf8mb4;

--
-- Đang đổ dữ liệu cho bảng `khach_hang`
--

INSERT INTO `khach_hang` (`ma_kh`, `ten_kh`, `sodt`, `diachi`, `email`, `trangthai`) VALUES
('1008842797', 'Nguyễn Thanh Hùng', '0977795002', '702/9 Phạm Thế Hiển P4 Q8', 'hungtn2212@gmail.com', '0'),
('1373789280', 'Tran Thanh Lam', '0931048540', 'tòa b chung cư HCB plaza tầng 9', 'user1@gmail.com', '0'),
('2708189983', 'Lê Thành Long', '0384958625', '120 Tên Lửa', 'user2@gmail.com', '0'),
('3842293458', 'Ngô Quốc Thuận', '0384958625', '87/10 Lư Trọng Lư', 'user2@gmail.com', '0'),
('3850675042', 'Nguyen Van M', '0384958798', '56 Trần Chánh Chiếu', 'user15@gmail.com', '0'),
('4148961068', 'Nguyen Van A', '0384958625', '120 Tên Lửa', 'user4@gmail.com', '0'),
('4480551765', 'Long Lê', '0775570985', '44 Trương Phước Phan', 'long06@gmail.com', '0'),
('4620619130', 'Ngô Quốc Thuận', '0319805025', '180 cao lổ p4 q8 tp.hcm', 'user1@gmail.com', '0'),
('4624806774', 'Nguyen Van B', '0384958625', '63 Lý Thường Kệt TT.Tân Hưng H.Tân Hưng T.Long An', 'user5@gmail.com', '0'),
('5182345298', 'Tran Thanh Lam', '0931048540', '702/9 phạm thế hiển p.4 q.8 tp.hcm', 'user1@gmail.com', '0'),
('5184633568', 'Tran Lam', '0931684456', '63 lý thường kệt tân hung long an', 'lam01@gmail.com', '0'),
('5703903385', 'Trần Tiến Lên', '0931048540', '702/9 phạm thế hiển p.4 q.8 tp.hcm', 'user1@gmail.com', '0'),
('6357954131', 'Nguyen Van B', '0384958456', '704 Phạm Thế Hiển P4 Q8 TP.HCM', 'user6@gmail.com', '0'),
('6639198964', 'Trần Cung Phong', '0385402514', '11 Hải Thượng Lãng Ông', 'phongtrancung@gmail.com', '0'),
('7264302716', 'Tôi Tên Lâm', '0931058412', '702/6 Phạm Thế Hiển P.4 Q.8 TP.HCM', 'ttlamfa@gmail.com', '0'),
('7332983802', 'Nguyen Van E', '0384958132', '120 Tên Lửa', 'user8@gmail.com', '0'),
('8068185195', 'ngô quốc thuận', '0938504351', 'chung cư HCB plaza tầng 9', 'user1@gmail.com', '0'),
('9822975201', 'Nguyen Van G', '0384958141', '244 Cao Lỗ P.4 Q.8 TP.HCM', 'user10@gmail.com', '0'),
('9844570512', 'Nguyen Van F', '0384958251', '120 Tên Lửa', 'user9@gmail.com', '0');

-- --------------------------------------------------------

--
-- Cấu trúc bảng cho bảng `mau`
--

CREATE TABLE `mau` (
  `ma_mau` int(10) NOT NULL,
  `ten_mau` varchar(20) NOT NULL
) ENGINE=InnoDB DEFAULT CHARSET=utf8mb4;

--
-- Đang đổ dữ liệu cho bảng `mau`
--

INSERT INTO `mau` (`ma_mau`, `ten_mau`) VALUES
(2, 'Đen'),
(3, 'Trắng'),
(4, 'Xanh Lá'),
(5, 'Xanh Dương'),
(6, 'Xanh Đen'),
(7, 'Sọc Xanh'),
(8, 'Vàng'),
(9, 'Đỏ'),
(10, 'Tím'),
(11, 'Xám'),
(12, 'Xanh Nhạt'),
(13, 'Đỏ Nhạt'),
(14, 'Xám Đen'),
(15, 'Nâu'),
(16, 'Sọc Xanh Lá'),
(17, 'Xanh Sọc Trắng'),
(18, 'Xanh Lam'),
(19, 'Vàng Nâu'),
(23, 'Xanh lơ'),
(24, 'Hồng');

-- --------------------------------------------------------

--
-- Cấu trúc bảng cho bảng `phieu_giao`
--

CREATE TABLE `phieu_giao` (
  `ma_pg` char(15) NOT NULL,
  `nggiao` varchar(30) NOT NULL,
  `solg_sp` int(3) NOT NULL,
  `gia_thu` int(9) NOT NULL,
  `tienconlai` int(9) NOT NULL,
  `trangthai` varchar(20) NOT NULL,
  `ma_ddh` char(15) NOT NULL,
  `email` varchar(255) NOT NULL
) ENGINE=InnoDB DEFAULT CHARSET=utf8mb4;

--
-- Đang đổ dữ liệu cho bảng `phieu_giao`
--

INSERT INTO `phieu_giao` (`ma_pg`, `nggiao`, `solg_sp`, `gia_thu`, `tienconlai`, `trangthai`, `ma_ddh`, `email`) VALUES
('2021M7D271211', '2021-07-27', 20, 2511000, 0, '1', '2021Y7M18D5926', 'tranthanhlam@gmail.com'),
('2021M7D271586', '2021-07-26', 1, 349200, 179450, '1', '2021Y7M16D7877', 'tranthanhlam@gmail.com'),
('2021M7D272406', '2021-07-27', 1, 350000, 0, '1', '2021Y7M16D314', 'tranthanhlam@gmail.com'),
('2021M7D275618', '2021-07-27', 10, 2295000, 2511000, '1', '2021Y7M18D5926', 'tranthanhlam@gmail.com'),
('2021M7D281397', '2021-07-28', 10, 1757500, 0, '1', '2021Y7M23D4605', 'tranthanhlam@gmail.com'),
('2021M7D293765', '2021-07-29', 1, 179450, 0, '1', '2021Y7M16D7877', 'tranthanhlam@gmail.com'),
('2021M7D297343', '2021-07-29', 1, 533500, 0, '1', '2021Y7M19D4385', 'tranthanhlam@gmail.com'),
('2021M7D302137', '2021-07-30', 1, 339500, 179450, '1', '2021Y7M23D2418', 'tranthanhlam@gmail.com'),
('2021M7D316765', '2021-07-31', 1, 425000, 0, '1', '2021Y7M31D2619', 'tranthanhlam@gmail.com'),
('2021M7D317771', '2021-07-31', 2, 659600, 0, '1', '2021Y7M31D384', 'tranthanhlam@gmail.com'),
('2021M7D319963', '2021-07-31', 2, 882700, 0, '1', '2021Y7M30D110', 'tranthanhlam@gmail.com'),
('2021M8D17251', '2021-08-01', 72, 8078490, 0, '1', '2021Y8M1D6988', 'tranthanhlam@gmail.com'),
('2021M8D19167', '2021-08-19', 1, 285000, 0, '1', '2021Y8M19D4707', 'tranthanhlam@gmail.com'),
('2021M8D191856', '2021-08-19', 2, 384000, 0, '1', '2021Y8M19D6950', 'tranthanhlam@gmail.com'),
('2021M8D194794', '2021-08-19', 2, 538350, 0, '1', '2021Y8M19D3449', 'tranthanhlam@gmail.com'),
('2021M8D203691', '2021-08-20', 1, 350000, 0, '1', '2021Y8M16D9496', 'tranthanhlam@gmail.com'),
('2021M8D51404', '2021-08-05', 11, 1543750, 0, '1', '2021Y7M31D3756', 'tranthanhlam@gmail.com'),
('2021M8D52613', '2021-08-05', 2, 579500, 0, '1', '2021Y8M5D83', 'tranthanhlam@gmail.com'),
('2021M8D53066', '2021-08-05', 5, 829350, 339500, '1', '2021Y8M5D6315', 'ngoquocthuan@gmail.com'),
('2021M8D53412', '2021-08-05', 1, 179450, 0, '1', '2021Y7M23D2418', 'tranthanhlam@gmail.com'),
('2021M8D55658', '2021-08-05', 3, 1211250, 579500, '1', '2021Y8M5D83', 'tranthanhlam@gmail.com'),
('2021M8D57425', '2021-08-05', 2, 630500, 0, '1', '2021Y8M1D6871', 'tranthanhlam@gmail.com'),
('2021M8D57599', '2021-08-05', 1, 339500, 0, '1', '2021Y8M5D6315', 'tranthanhlam@gmail.com'),
('2021M8D58432', '2021-08-05', 6, 2123250, 0, '2', '2021Y8M5D602', 'tranthanhlam@gmail.com'),
('2021M8D59349', '2021-08-05', 2, 761450, 0, '1', '2021Y7M30D1866', 'tranthanhlam@gmail.com'),
('2021M8D63655', '2021-08-06', 2, 440000, 0, '1', '2021Y8M6D1306', 'tranthanhlam@gmail.com'),
('2021M8D82892', '2021-08-08', 1, 300000, 0, '2', '2021Y8M7D4253', 'tranthanhlam@gmail.com'),
('2021M8D8416', '2021-08-08', 1, 185000, 300000, '1', '2021Y8M7D4253', 'tranthanhlam@gmail.com'),
('2021M8D8898', '2021-08-08', 1, 533500, 339500, '2', '2021Y8M5D9261', 'tranthanhlam@gmail.com'),
('2021M8D98203', '2021-08-09', 4, 703000, 1083000, '1', '2021Y8M6D8781', 'tranthanhlam@gmail.com');

-- --------------------------------------------------------

--
-- Cấu trúc bảng cho bảng `san_pham`
--

CREATE TABLE `san_pham` (
  `ma_sp` char(15) NOT NULL,
  `ten_sp` varchar(30) NOT NULL,
  `gia_goc` int(9) NOT NULL,
  `gia_sale` int(9) NOT NULL,
  `trang_thai` varchar(20) NOT NULL,
  `chiet_khau` int(2) NOT NULL,
  `mo_ta` varchar(500) NOT NULL,
  `ma_dm` char(15) NOT NULL,
  `thoi_gian` timestamp NOT NULL DEFAULT current_timestamp() ON UPDATE current_timestamp()
) ENGINE=InnoDB DEFAULT CHARSET=utf8mb4;

--
-- Đang đổ dữ liệu cho bảng `san_pham`
--

INSERT INTO `san_pham` (`ma_sp`, `ten_sp`, `gia_goc`, `gia_sale`, `trang_thai`, `chiet_khau`, `mo_ta`, `ma_dm`, `thoi_gian`) VALUES
('AOM30D35S41', 'áo khoác 2021', 255000, 200000, '1', 7, 'thanh lich trẻ trung', 'AOM30D35', '2021-08-22 06:41:26'),
('AOM30D35S52', 'Vạn Xuân Kiến Quốc', 355000, 300000, '1', 5, '+ 94% COTTON\r\n- Thân thiện\r\n-Thấm hút thoát ẩm\r\n- Mềm mại\r\n- Ít nhăn\r\n+ 6% SPANDEX\r\nCo giản tối ưu\r\n- Logo VXKQ in dẻo\r\n+ Phối 2 túi hộp cực chất, cực cá tính\r\n+ Bo tay xỏ ngón đa dụng\r\n+ Dây kéo viền phản quang\r\n+ Túi trong tiện dụng\r\n+ Reverse Coil Zipper\r\n(Những chiếc khoá này có bề mặt ngoài dẹp, phẳng trong khi răng khoá thì ở trong)\r\n+ Nón rộng', 'AOM30D35', '2021-08-21 06:47:49'),
('AOM30D35S63', 'áo MINI ZURRY', 355000, 300000, '1', 6, '+ 95% COTTON\r\nThân thiện với môi trường\r\nThoáng mát\r\n+ 5% SPANDEX\r\nGiúp áo co giãn tối ưu', 'AOM30D35', '2021-08-21 06:47:25'),
('AOM30D35S83', 'Thần Cổ Đại Valknut Ver2', 250000, 185000, '1', 6, 'Thành phần: 95% cotton 5% Spandex\r\n- Co giãn tốt\r\n- Độ bền cao\r\n- Phản quang logo Valknut', 'AOM30D35', '2021-07-23 11:52:41'),
('AOM30D35S95', 'áo khác đơn gian', 449000, 360000, '1', 6, '- Thành Phần:\r\n+ 94% COTTON\r\nThân thiện với môi trường\r\nThoáng mát\r\n+ 6% SPANDEX\r\nGiúp áo co giãn tối ưu', 'AOM30D35', '2021-07-16 16:02:32'),
('AOM30D37S28', 'Văn Hiến Chi Bang', 250000, 185000, '1', 7, 'Chất liệu: Cotton 2 chiều\r\nThành phần: 100% Cotton\r\n- Thân thiện\r\n- Thấm hút thoát ẩm\r\n- Mềm mại\r\n- Kiểm soát mùi\r\n- Điều hòa nhiệt\r\n+ Logo Văn Hiến Chi Bang thêu 3D\r\n- HDSD:\r\n+ Nên giặt chung với sản phẩm cùng màu\r\n+ Không dùng thuốc tẩy hoặc xà phòng có tính tẩy mạnh\r\n+ Nên phơi trong bóng râm để giữ sp bền màu', 'AOM30D37', '2021-07-12 14:24:47'),
('AOM30D37S94', 'Áo Thun Cổ Trụ Đơn Giản J01', 200000, 150000, '1', 7, 'Chất liệu: Cotton 4 Chiều\r\nThành phần: 95% cotton 5% Spandex\r\n- Co giãn tốt\r\n- Độ bền cao', 'AOM30D37', '2021-07-12 14:24:47'),
('AOM30D37S97', 'Áo Thun Cổ Tròn M20', 250000, 185000, '1', 6, 'Chất liệu: Cotton 2 chiều\r\nThành phần: 100% Cotton\r\n- Thân thiện\r\n- Thấm hút thoát ẩm\r\n- Mềm mại\r\n- Kiểm soát mùi\r\n- Điều hòa nhiệt\r\n+ Họa tiết in dẻo + in nổi\r\n- HDSD:\r\n+ Nên giặt chung với sản phẩm cùng màu\r\n+ Không dùng thuốc tẩy hoặc xà phòng có tính tẩy mạnh\r\n+ Nên phơi trong bóng râm để giữ sp bền màu', 'AOM30D37', '2021-07-13 09:04:18'),
('AOM31D36S18', 'áo khác form rộng', 400000, 350000, '1', 5, 'Thành phần: 80% cotton 20% poly\r\n- Độ bền cao\r\n- Co dãn tốt', 'AOM31D36', '2021-07-12 14:24:47'),
('AOM31D37S74', 'hiên đại', 300000, 150000, '1', 5, 'thoang mát', 'AOM31D37', '2021-07-24 05:23:15'),
('AOM33D35S7', 'Áo khác vải dù chống nước', 350000, 299000, '1', 7, '- Trượt nước\r\n- Chống UV\r\nChất liệu: Vải Dù\r\nThành phần: 100% poly\r\n- Vải dù bền, dai và nhẹ\r\n- Ưu điểm vượt trội là thoáng khí', 'AOM33D35', '2021-07-12 14:24:47'),
('AOM34D38S56', 'Sơ Mi Tay Dài Đơn Giản M01', 400000, 255000, '1', 5, 'Thành phần: 88% superfine 12% modal\r\n- Ít Nhăn & Dễ ủi\r\n- Nhanh Khô & Thoáng mát', 'AOM34D38', '2021-07-12 14:24:47'),
('AOM35D38S38', 'Sơ Mi Tay Dài Đơn Giản M12', 500000, 285000, '1', 6, 'Thành phần: 100% T-cool\r\n- Mềm - Mịn - Mát\r\n- Giữ phom dáng\r\n- Co giãn tối ưu\r\n- Thấm hút thoát ẩm\r\n- Vải nhẹ\r\n- Ít nhăn - dễ ủi\r\n- Nhanh khô', 'AOM35D38', '2021-07-12 14:24:47'),
('AOM36D38S51', 'Sơ Mi Tay Dài Đơn Giản M19', 400000, 285000, '1', 6, 'Thành phần: 48% bamboo 48% microfiber 4% spandex\r\n- Kháng khuẩn\r\n- Chống tia UV\r\n- Thân thiện môi trường\r\n- Thông thoáng\r\n- Ít nhăn\r\n- Dễ ủi\r\n- Kiểm soát mùi\r\n- Điều hòa thân nhiệt', 'AOM36D38', '2021-07-12 14:24:47'),
('AOM37D38S38', 'Sơ Mi Tay Dài Đơn Giản N01', 400000, 285000, '1', 6, 'Thành phần: 50% cafe 50% Poly\r\n+ Odor Control - Kiểm soát mùi\r\n+ Fast Drying - Nhanh khô\r\n+ Ice Cool Touch - Làm mát cơ thể\r\n+ UV Protechtion - Chống nắng', 'AOM37D38', '2021-07-12 14:24:47'),
('GIM38D39S66', 'Dép Đặc Biệt A09', 400000, 255000, '1', 7, 'êm ái nhẹ nhàng thời trang', 'GIM38D39', '2021-07-13 09:04:18'),
('GIM38D39S99', 'Dép Thần Cổ Đại Valknut Ver1', 400000, 255000, '1', 7, 'Chất liệu:\r\n- Quai Da Suede\r\n- Lót simily\r\n- Đế Phylon\r\n- Ép logo Valknut phản quang', 'GIM38D39', '2021-07-18 14:02:43'),
('GIM38D40S17', 'Giày Văn Hiến Chi Bang Ver2', 400000, 225000, '1', 7, '- Chất liệu: Vải Knit tạo form tốt, ôm chân.\r\n- Đế phylon siêu nhẹ\r\n- Thêu kim tuyến logo Văn Hiến Chi Bang\r\n- Lót Mousse 3mm + Mesh\r\n- Cao su cứng giúp tăng ma sát + tăng độ bền', 'GIM38D40', '2021-07-12 14:24:47'),
('GIM38D40S86', 'Giày Casual Đơn Giản M6', 600000, 425000, '1', 6, '- Chất liệu: Microfiber\r\n- Lót Vòng cổ Pu\r\n- Lót Mousse 3mm + Mesh\r\n- 2 lỗ nhỏ giúp hơi nóng và ẩm sẽ được thoát nhanh chóng đem lại cảm giác dễ chịu, thoải mái cho đôi chân sử dụng.\r\n- Dây giày cotton dệt dẹp trắng\r\n- Đế cao su', 'GIM38D40', '2021-07-16 11:00:29'),
('GIM39D41S83', 'Giày Tây Cột Dây Đơn Giản AM06', 800000, 550000, '1', 5, 'ĐƠN GIẢN - SANG TRỌNG\r\nGiày cột dây (Oxford)\r\n- Chất liệu: Da bò thật cho bề mặt mịn mượt.\r\n- Đế cao su bền bỉ, chống trơn trượt cho bạn yên tâm trên từng bước chân.\r\n- Bảo hành 365 ngày', 'GIM39D41', '2021-07-12 14:24:47'),
('GIM39D42S10', 'Giày Tây Lười Đơn Giản AM01', 800000, 550000, '1', 7, 'đơn giản không dây giày', 'GIM39D42', '2021-07-19 14:11:43'),
('GIM39D42S30', 'Giày Tây Lười Đơn Giản AM04', 1000000, 750000, '1', 7, '1. Chất liệu cao cấp\r\nMàu nâu : DA suede 100%\r\nMàu đen: DA Bò 100%,\r\n- Lót hậu vải giả da,\r\n- lót mũi vải thun lạnh,\r\n- talon simili memory foam 3mm\r\n- đế cao su 100%\r\n2. Thiết kế thời trang và sang trọng\r\n- Thân giày với đường may chấp nối da thời trang và ấn tượng\r\n- Đế giày phối kim loại tạo điểm nhấn sang trọng', 'GIM39D42', '2021-07-12 14:24:47'),
('PKM30D48S50', 'Nón Kỳ Lau Vạn Định Ver1', 200000, 140000, '1', 5, 'Chất liệu : Kaki\r\nThành phần: 100% cotton\r\n- Thêu vi tính chỉ kim tuyến Logo Kỳ Lau Vạn Định', 'PKM30D48', '2021-07-12 14:24:47'),
('PKM31D49S21', 'Underwear Đơn Giản A02', 150000, 99000, '1', 7, 'hành phần: 90% Polyamide 10% Spandex\r\n\r\nSIÊU CO GIÃN\r\nCo giãn 4 chiều, ôm sát cơ thể\r\nCÔNG NGHỆ SEAMLESS\r\nSản phẩm liền mạch, tối thiểu đường may. Tạo cảm giác thoải mái khi mặc\r\n\r\nTính năng kế thừa từ sợi:\r\n- Khả năng chống ma sát cao kể cả khi vận động mạnh\r\n- Độ thấm hút, thoát hơi tốt giúp bạn luôn thoải mái\r\n- Mềm mượt và thân thiện với da', 'PKM31D49', '2021-07-12 14:24:47'),
('PKM40D50S34', 'Dây Nịt Đơn Giản D03', 400000, 285000, '1', 7, 'sang trọng', 'PKM40D50', '2021-07-12 14:24:47'),
('QUM29D44S34', 'Quần Dài Vải Đặc Biệt B1AB03', 300000, 150000, '1', 7, '- thoáng mát \r\n- thời trang', 'QUM29D44', '2021-07-19 16:02:52'),
('QUM29D44S59', 'Quần Dài Vải Đặc Biệt C03', 500000, 350000, '1', 6, 'Thành phần: 97% cotton 3% spandex\r\n- Êm ái và thấm hút cao\r\n- Co dãn tốt\r\nHDSD:\r\n_ Không dùng chất tẩy trắng\r\n_ Ủi ở nhiệt độ tối đa 110 độ C\r\n_ Giặt chung với sản phẩm cùng màu', 'QUM29D44', '2021-07-12 14:24:47'),
('QUM29D44S69', 'Ngân Hà 4 Element M1', 400000, 285000, '1', 6, '- Chất liệu:\r\nMINI ZURRY\r\n- Thành Phần:\r\n+ 94% COTTON\r\n- Thân thiện\r\n-Thấm hút thoát ẩm\r\n- Mềm mại\r\n- Ít nhăn\r\n+ 6% SPANDEX\r\nCo giản tối ưu\r\n- Logo 4Element in dẻo', 'QUM29D44', '2021-07-12 14:24:47'),
('QUM29D44S8', 'Quần Dài Vải Đặc Biệt B1G03', 260000, 130000, '1', 5, 'KAKI THUN\r\n- Thiết kế đơn giản, lịch thiệp\r\n- Đường chỉ may đều đặn, chắc chắn, cẩn thận đều đặn, chỉn chu đến từng chi tiết.\r\n- Khóa quần trơn, dễ kéo, vừa khít, không gây tiếng động lớn khi kéo\r\n- Quần kaki ống đứng dễ mặc, giúp đàn ông chân nhỏ trông to hơn và người chân to trông gọn hơn.', 'QUM29D44', '2021-07-12 14:24:47'),
('QUM29D44S83', 'Quần Dài Vải Đặc Biệt C05', 500000, 350000, '1', 6, 'Chất liệu: Kaki Thun\r\nThành phần: 97% cotton 3% spandex\r\n- Êm ái và thấm hút cao\r\n- Co dãn tốt\r\nHDSD:\r\n_ Không dùng chất tẩy trắng\r\n_ Ủi ở nhiệt độ tối đa 110 độ C\r\n_ Giặt chung với sản phẩm cùng màu', 'QUM29D44', '2021-07-23 11:45:05'),
('QUM29D44S84', 'Quần Dài Vải Đặc Biệt C02', 500000, 350000, '1', 5, 'Thành phần: 97% cotton 3% spandex\r\n- Êm ái và thấm hút cao\r\n- Co dãn tốt\r\nHDSD:\r\n_ Không dùng chất tẩy trắng\r\n_ Ủi ở nhiệt độ tối đa 110 độ C\r\n_ Giặt chung với sản phẩm cùng màu', 'QUM29D44', '2021-07-16 15:38:44'),
('QUM30D45S75', 'Vạn Xuân Kiến Quốc M2', 350000, 285000, '1', 6, '+ 94% COTTON\r\n- Thân thiện\r\n-Thấm hút thoát ẩm\r\n- Mềm mại\r\n- Ít nhăn\r\n+ 6% SPANDEX\r\nCo giản tối ưu\r\nCHUYÊN THỂ THAO\r\n- Logo VXKQ in dẻo\r\n- Dây Rút Giấu Cạp Trong', 'QUM30D45', '2021-07-12 14:24:47'),
('QUM30D45S99', 'Quần Dài Jogger Đặc Biệt C09', 330000, 165000, '1', 6, 'Thành phần: 95% cotton 5% Spandex\r\n- Thoáng mát\r\n- Co giãn tốt\r\n- Độ bền cao\r\n- Phản quang dây rút quần', 'QUM30D45', '2021-07-12 14:24:47'),
('QUM30D46S16', 'Quần Dài Jean Straight', 600000, 425000, '1', 7, 'Chất liệu: Jean Cotton\r\nThành phần: 99% cotton 1% spandex\r\n- Độ bền cao\r\n- Mang đến sự thoải mái ở phần hông và đùi nhưng vẫn rất gọn gàng\r\nHDSD:\r\n- Hãy lộn mặt trái của sản phẩm trước khi giặt để hạn chế bay màu vải.\r\n- Không nên sử dụng các chất tẩy rửa mạnh trong quá trình giặt.', 'QUM30D46', '2021-07-12 14:24:47'),
('QUM30D46S23', 'Vạn Xuân Kiến Quốc Ver2', 500000, 425000, '1', 7, 'Thành phần: 99% cotton 1% spandex\r\n- In logo Vạn Xuân Kiến Quốc', 'QUM30D46', '2021-07-12 14:24:47'),
('QUM30D46S44', 'Quần Dài Jogger Đơn Giản M4', 400000, 285000, '1', 6, '- Thành Phần:\r\n+ 94% COTTON\r\n- Thân thiện\r\n-Thấm hút thoát ẩm\r\n- Mềm mại\r\n- Ít nhăn\r\n+ 6% SPANDEX\r\nCo giản tối ưu\r\n- Họa tiết in dẻo', 'QUM30D46', '2021-07-12 14:24:47'),
('QUM30D46S59', 'Quần Dài Jean Slimfit B43', 600000, 425000, '1', 7, 'Thành phần: 99% cotton 1% spandex\r\n- Độ bền cao\r\n- Mang đến sự thoải mái ở phần hông và đùi nhưng vẫn rất gọn gàng\r\nHDSD:\r\n- Hãy lộn mặt trái của sản phẩm trước khi giặt để hạn chế bay màu vải.\r\n- Không nên sử dụng các chất tẩy rửa mạnh trong quá trình giặt.', 'QUM30D46', '2021-07-12 14:24:47'),
('QUM30D46S68', 'Quần Dài Jean Slimfit M8', 600000, 425000, '1', 6, 'Thành phần: 99% cotton 1% spandex', 'QUM30D46', '2021-07-12 14:24:47'),
('QUM30D46S69', 'Long Vận Thiên Đô', 600000, 425000, '1', 6, 'Thành phần: 99% cotton 1% spandex', 'QUM30D46', '2021-07-12 14:24:47'),
('QUM30D46S78', 'Quần Dài Jean Slimfit B36', 600000, 425000, '1', 8, 'Chất liệu: Jean Cotton\r\nThành phần: 98% cotton 2% spandex\r\n- Độ bền cao\r\n- Mặc mát, rất thoải mái.', 'QUM30D46', '2021-07-12 14:24:47'),
('QUM30D46S83', 'Quần Dài Jean 2010 Ver1', 600000, 425000, '1', 7, 'Thành phần: 99% cotton 1 spandex\r\n- In Logo Y2010 phía sau túi', 'QUM30D46', '2021-07-11 14:24:47');

-- --------------------------------------------------------

--
-- Cấu trúc bảng cho bảng `size`
--

CREATE TABLE `size` (
  `ma_size` char(3) NOT NULL,
  `chieu_x` int(3) DEFAULT NULL,
  `chieu_y` int(3) DEFAULT NULL
) ENGINE=InnoDB DEFAULT CHARSET=utf8mb4;

--
-- Đang đổ dữ liệu cho bảng `size`
--

INSERT INTO `size` (`ma_size`, `chieu_x`, `chieu_y`) VALUES
('0', 0, 0),
('28', 155, 0),
('29', 160, 0),
('30', 163, 0),
('31', 166, 0),
('32', 169, 0),
('33', 172, 0),
('34', 175, 0),
('35', 178, 0),
('36', 181, 0),
('37', 0, 0),
('38', 0, 0),
('39', 0, 0),
('40', 0, 0),
('41', 0, 0),
('42', 0, 0),
('43', 0, 0),
('44', 0, 0),
('45', 0, 0),
('46', 0, 0),
('L', 170, 65),
('M', 167, 60),
('XL', 173, 70),
('XXL', 176, 76);

-- --------------------------------------------------------

--
-- Cấu trúc bảng cho bảng `tbl_slider`
--

CREATE TABLE `tbl_slider` (
  `slider_id` int(11) NOT NULL,
  `slider_name` varchar(255) NOT NULL,
  `slider_status` int(11) NOT NULL,
  `slider_image` varchar(100) NOT NULL,
  `slider_desc` varchar(100) NOT NULL
) ENGINE=InnoDB DEFAULT CHARSET=utf8;

--
-- Đang đổ dữ liệu cho bảng `tbl_slider`
--

INSERT INTO `tbl_slider` (`slider_id`, `slider_name`, `slider_status`, `slider_image`, `slider_desc`) VALUES
(13, 'Hè Vui Vẻ', 1, '898.jpg', '25/7 - 30/7'),
(14, 'Cổ Điển', 1, 'banner18.jpg', '1/8');

-- --------------------------------------------------------

--
-- Cấu trúc bảng cho bảng `tbl_visitors`
--

CREATE TABLE `tbl_visitors` (
  `id_visitors` int(11) NOT NULL,
  `ip_address` varchar(50) NOT NULL,
  `date_visitor` varchar(50) NOT NULL
) ENGINE=InnoDB DEFAULT CHARSET=utf8;

--
-- Đang đổ dữ liệu cho bảng `tbl_visitors`
--

INSERT INTO `tbl_visitors` (`id_visitors`, `ip_address`, `date_visitor`) VALUES
(1, '::1', '2020-11-08'),
(2, '103.221.221.189', '2020-11-07'),
(3, '104.221.221.189', '2020-11-06'),
(4, '106.221.221.189', '2020-11-05'),
(5, '107.221.221.189', '2020-11-04'),
(6, '108.221.221.189', '2020-11-03'),
(7, '109.221.221.189', '2020-11-02'),
(8, '110.221.221.189', '2020-11-01'),
(9, '121.221.221.189', '2020-10-31'),
(10, '122.221.221.189', '2020-10-30'),
(11, '123.221.221.189', '2020-10-29'),
(12, '111.221.221.189', '2020-10-28'),
(13, '112.221.221.189', '2020-10-27'),
(14, '115.221.221.189', '2020-10-26'),
(15, '116.221.221.189', '2020-10-25'),
(16, '117.221.221.189', '2020-10-24'),
(17, '118.221.221.189', '2020-10-23'),
(18, '119.221.221.189', '2020-10-22'),
(19, '125.221.221.189', '2020-10-21'),
(20, '129.221.221.189', '2020-10-20'),
(21, '130.221.221.189', '2020-10-19'),
(22, '131.221.221.189', '2020-10-18'),
(23, '132.221.221.189', '2020-10-17'),
(24, '134.221.221.189', '2020-10-16'),
(25, '150.13.005.189', '2020-11-10'),
(26, '127.0.0.1', '2020-11-18'),
(27, '2001:ee0:4f34:74e2:3569:70cf:f706:29e6', '2021-08-05'),
(28, '116.110.42.11', '2021-08-05'),
(29, '2001:ee0:4fcb:cb80:3448:6cbb:8296:5970', '2021-08-05'),
(30, '2001:ee0:4f34:74e2:24ce:7437:390d:cbc4', '2021-08-05'),
(31, '2001:ee0:4f34:74e2:6cb5:40db:46a1:bacb', '2021-08-06');

-- --------------------------------------------------------

--
-- Cấu trúc bảng cho bảng `thiet_ke`
--

CREATE TABLE `thiet_ke` (
  `ma_tk` int(11) NOT NULL,
  `ten_tk` varchar(30) NOT NULL
) ENGINE=InnoDB DEFAULT CHARSET=utf8mb4;

--
-- Đang đổ dữ liệu cho bảng `thiet_ke`
--

INSERT INTO `thiet_ke` (`ma_tk`, `ten_tk`) VALUES
(35, 'áo khoác classic'),
(36, 'áo khoác Hoodie'),
(37, 'áo thun cổ tròn'),
(38, 'Sơ mi tay dài'),
(39, 'dép đặc biệc'),
(40, 'Giày Casual'),
(41, 'Giày Tây Cột Dây'),
(42, 'Giày Tây Lười'),
(43, 'Sandal Đế Cao'),
(44, 'Quần Dài Vải'),
(45, 'Quần Dài Jogger'),
(46, 'Quần Dài Jean'),
(47, 'Ví'),
(48, 'Nón Đặc Biệt'),
(49, 'Underwear'),
(50, 'Dây nịt');

-- --------------------------------------------------------

--
-- Cấu trúc bảng cho bảng `thong_bao`
--

CREATE TABLE `thong_bao` (
  `so_tb` int(200) NOT NULL,
  `noi_dung` varchar(255) NOT NULL,
  `thoi_gian` timestamp NOT NULL DEFAULT current_timestamp() ON UPDATE current_timestamp(),
  `user_id` int(11) DEFAULT NULL,
  `che_do` varchar(255) DEFAULT NULL
) ENGINE=InnoDB DEFAULT CHARSET=utf8;

--
-- Đang đổ dữ liệu cho bảng `thong_bao`
--

INSERT INTO `thong_bao` (`so_tb`, `noi_dung`, `thoi_gian`, `user_id`, `che_do`) VALUES
(1, 'hủy đơn 2021Y7M23D1679', '2021-07-30 05:17:41', 2, NULL),
(2, 'hủy đơn199', '2021-07-30 06:08:38', 2, NULL),
(3, 'hủy đơn259', '2021-07-30 06:09:20', 2, NULL),
(4, 'hủy đơn 2021Y7M29D2520', '2021-07-30 06:28:30', 2, NULL),
(5, 'Đơn hàng mới 2021Y7M30D1866', '2021-07-30 11:10:13', 7, NULL),
(6, 'đơn hàng quý khách sẽ giao chậm', '2021-07-30 11:45:25', 2, 'admin'),
(7, 'tìm hình dịch căn thăng đơn hàng sẽ giao chậm', '2021-07-30 11:41:16', 15, 'admin'),
(8, 'Đơn hàng mới 2021Y7M31D384', '2021-07-31 04:13:19', 2, NULL),
(9, 'Đơn hàng mới 2021Y7M31D3756', '2021-07-31 04:54:34', 16, NULL),
(10, 'Đơn hàng mới 2021Y7M31D2619', '2021-07-31 15:46:30', 2, NULL),
(11, 'Đơn hàng mới 2021Y8M1D6871', '2021-08-01 14:49:42', 27, NULL),
(12, 'Đơn hàng mới 2021Y8M1D6988', '2021-08-01 14:50:25', 27, NULL),
(13, 'đơn hàng sẽ giao chậm đo lượng hàng quá chưa về kho đủ.', '2021-08-02 04:25:21', 27, 'admin'),
(14, 'Đơn hàng mới 2021Y8M5D1062', '2021-08-05 03:39:42', 4, NULL),
(15, 'chúng tôi sẽ giao nhanh cho bạn', '2021-08-05 03:40:34', 4, 'admin'),
(16, 'Đơn hàng mới 2021Y8M5D602', '2021-08-05 03:57:30', 29, NULL),
(17, 'Đơn hàng mới 2021Y8M5D83', '2021-08-05 04:02:05', 29, NULL),
(18, 'Đơn hàng mới 2021Y8M5D6315', '2021-08-05 04:06:07', 29, NULL),
(19, 'Đơn hàng mới 2021Y8M5D7288', '2021-08-05 04:15:14', 29, NULL),
(20, 'Đơn hàng mới 2021Y8M5D3780', '2021-08-05 04:17:31', 29, NULL),
(21, 'Đơn hàng mới 2021Y8M5D1975', '2021-08-05 04:21:42', 29, NULL),
(22, 'Đơn hàng mới 2021Y8M5D3904', '2021-08-05 04:22:51', 29, NULL),
(23, 'Đơn hàng mới 2021Y8M5D532', '2021-08-05 04:25:37', 29, NULL),
(24, 'Đơn hàng mới 2021Y8M5D5569', '2021-08-05 04:30:38', 29, NULL),
(25, 'hủy đơn 2021Y8M5D5569', '2021-08-05 04:32:54', 29, NULL),
(26, 'hủy đơn 2021Y7M23D5608', '2021-08-05 04:35:28', 2, NULL),
(27, 'Đơn hàng mới 2021Y8M5D767', '2021-08-05 06:38:22', 28, NULL),
(28, 'Đơn hàng mới 2021Y8M5D9261', '2021-08-05 10:10:21', 28, NULL),
(29, 'Đơn hàng mới 2021Y8M5D6055', '2021-08-05 10:38:43', 4, NULL),
(30, 'Đơn hàng mới 2021Y8M5D6532', '2021-08-05 10:57:16', 28, NULL),
(31, 'Đơn hàng mới 2021Y8M6D1306', '2021-08-06 11:39:30', 32, NULL),
(32, 'Đơn hàng mới 2021Y8M6D5753', '2021-08-06 12:09:02', 21, NULL),
(33, 'Đơn hàng mới 2021Y8M6D6815', '2021-08-06 12:09:33', 21, NULL),
(34, 'Đơn hàng mới 2021Y8M6D8781', '2021-08-06 15:25:03', 4, NULL),
(35, 'Đơn hàng mới 2021Y8M6D8529', '2021-08-06 15:29:40', 4, NULL),
(36, 'Đơn hàng mới 2021Y8M7D4253', '2021-08-07 06:38:00', 33, NULL),
(37, 'Đơn hàng mới 2021Y8M7D857', '2021-08-07 06:39:55', 33, NULL),
(38, 'hủy đơn 2021Y8M7D857', '2021-08-07 06:40:10', 33, NULL),
(39, 'đơn giao', '2021-08-07 07:41:45', 4, 'admin'),
(40, 'Đơn hàng mới 2021Y8M8D1576', '2021-08-08 10:01:53', 2, NULL),
(41, 'Đơn hàng mới 2021Y8M8D4173', '2021-08-08 10:08:55', 2, NULL),
(42, 'Đơn hàng mới 2021Y8M8D1565', '2021-08-08 16:13:44', 2, NULL),
(43, 'hủy đơn 2021Y8M8D1565', '2021-08-08 16:16:01', 2, NULL),
(44, 'Đơn hàng mới 2021Y8M8D6284', '2021-08-08 16:32:33', 2, NULL),
(45, 'hủy đơn 2021Y8M8D6284', '2021-08-08 16:32:40', 2, NULL),
(46, 'Đơn hàng mới 2021Y8M8D162', '2021-08-08 16:33:57', 2, NULL),
(47, 'hủy đơn 2021Y8M8D162', '2021-08-08 16:34:04', 2, NULL),
(48, 'Đơn hàng mới 2021Y8M16D9496', '2021-08-16 16:54:58', 2, NULL),
(49, 'Đơn hàng mới 2021Y8M16D3348', '2021-08-16 16:55:08', 2, NULL),
(50, 'Đơn hàng mới 2021Y8M19D2923', '2021-08-19 04:15:31', 2, NULL),
(51, 'Đơn hàng mới 2021Y8M19D3449', '2021-08-19 04:19:30', 0, NULL),
(52, 'Đơn hàng mới 2021Y8M19D6950', '2021-08-19 04:31:18', 0, NULL),
(53, 'Đơn hàng mới 2021Y8M19D4707', '2021-08-19 04:37:37', 0, NULL),
(54, 'Đơn hàng mới 2021Y8M20D7094', '2021-08-20 10:49:40', 0, NULL),
(55, 'đơn hàng giao chậm', '2021-08-20 11:11:55', 2, 'admin'),
(56, 'hủy đơn 2021Y8M20D7094', '2021-08-20 11:23:32', 2, NULL),
(57, 'hủy đơn 2021Y8M8D1576', '2021-08-20 11:32:54', 2, NULL);

-- --------------------------------------------------------

--
-- Cấu trúc bảng cho bảng `user`
--

CREATE TABLE `user` (
  `user_id` int(10) NOT NULL,
  `ten_nd` varchar(50) NOT NULL,
  `diachi` varchar(500) NOT NULL,
  `sodt` varchar(10) NOT NULL,
  `email` varchar(255) NOT NULL,
  `matkhau` varchar(255) NOT NULL,
  `tg_tao` timestamp NOT NULL DEFAULT current_timestamp() ON UPDATE current_timestamp(),
  `trang_thai` int(1) NOT NULL
) ENGINE=InnoDB DEFAULT CHARSET=utf8mb4;

--
-- Đang đổ dữ liệu cho bảng `user`
--

INSERT INTO `user` (`user_id`, `ten_nd`, `diachi`, `sodt`, `email`, `matkhau`, `tg_tao`, `trang_thai`) VALUES
(2, 'Trần Thanh Long', '702/9 phạm thế hiển p.4 q.8 tp.hcm', '0931048540', 'user1@gmail.com', 'e10adc3949ba59abbe56e057f20f883e', '2021-08-20 11:20:29', 0),
(4, 'Ngô Quốc Thuận', '87/10 Lư Trọng Lư', '0384958625', 'user2@gmail.com', 'e10adc3949ba59abbe56e057f20f883e', '2021-08-06 15:09:25', 0),
(6, 'Châu Chí Nghĩa', '120 Tên Lửa', '0384958625', 'user3@gmail.com', 'e10adc3949ba59abbe56e057f20f883e', '2021-07-08 17:42:43', 0),
(7, 'Nguyen Van A', '120 Tên Lửa', '0384958625', 'user4@gmail.com', 'e10adc3949ba59abbe56e057f20f883e', '2021-07-08 03:24:33', 0),
(8, 'Nguyen Van B', '120 Tên Lửa', '0384958625', 'user5@gmail.com', 'e10adc3949ba59abbe56e057f20f883e', '2021-07-08 03:24:33', 0),
(12, 'Nguyen Van B', '120 Tên Lửa', '0384958456', 'user6@gmail.com', 'e10adc3949ba59abbe56e057f20f883e', '2021-07-08 03:24:33', 0),
(13, 'Nguyen Van C', '120 Tên Lửa', '0384958654', 'user7@gmail.com', 'e10adc3949ba59abbe56e057f20f883e', '2021-07-08 03:24:33', 0),
(14, 'Nguyen Van E', '120 Tên Lửa', '0384958132', 'user8@gmail.com', 'e10adc3949ba59abbe56e057f20f883e', '2021-07-08 03:24:33', 0),
(15, 'Nguyen Van F', '120 Tên Lửa', '0384958251', 'user9@gmail.com', 'e10adc3949ba59abbe56e057f20f883e', '2021-08-01 14:20:08', 0),
(16, 'Nguyen Van G', '120 Tên Lửa', '0384958141', 'user10@gmail.com', 'e10adc3949ba59abbe56e057f20f883e', '2021-08-01 10:52:03', 0),
(17, 'Nguyen Van H', '120 Tên Lửa', '0384958125', 'user11@gmail.com', 'e10adc3949ba59abbe56e057f20f883e', '2021-07-08 03:24:33', 0),
(18, 'Nguyen Van J', '120 Tên Lửa', '0384958789', 'user12@gmail.com', 'e10adc3949ba59abbe56e057f20f883e', '2021-07-08 03:24:33', 0),
(19, 'Nguyen Van K', '120 Tên Lửa', '0384958987', 'user13@gmail.com', 'e10adc3949ba59abbe56e057f20f883e', '2021-07-08 03:24:33', 0),
(20, 'Nguyen Van L', '120 Tên Lửa', '0384958879', 'user14@gmail.com', 'e10adc3949ba59abbe56e057f20f883e', '2021-07-08 03:24:33', 0),
(21, 'Nguyen Van M', '120 Tên Lửa', '0384958798', 'user15@gmail.com', 'e10adc3949ba59abbe56e057f20f883e', '2021-07-08 03:24:33', 0),
(22, 'Nguyen Van H', '120 Tên Lửa', '0384958978', 'user16@gmail.com', 'e10adc3949ba59abbe56e057f20f883e', '2021-07-08 03:24:33', 0),
(23, 'Nguyen Van Y', '120 Tên Lửa', '0384957798', 'user17@gmail.com', 'e10adc3949ba59abbe56e057f20f883e', '2021-07-10 15:16:51', 0),
(24, 'Nguyen Van X', '120 Tên Lửa', '0384958012', 'user18@gmail.com', 'e10adc3949ba59abbe56e057f20f883e', '2021-07-10 15:16:43', 0),
(25, 'Nguyen Van Z', '120 Tên Lửa', '0384958210', 'user19@gmail.com', 'e10adc3949ba59abbe56e057f20f883e', '2021-07-10 15:16:39', 0),
(27, 'Tran Lam', '63 lý thường kệt tân hung long an', '0931684456', 'lam01@gmail.com', '4297f44b13955235245b2497399d7a93', '2021-08-02 08:00:56', 0),
(28, 'Tôi Tên Lâm', '702/6 Phạm Thế Hiển P.4 Q.8 TP.HCM', '0931058412', 'ttlamfa@gmail.com', 'e10adc3949ba59abbe56e057f20f883e', '2021-08-05 03:25:04', 0),
(29, 'Long Lê', '44 Trương Phước Phan', '0775570985', 'long06@gmail.com', '25f9e794323b453885f5181f1b624d0b', '2021-08-05 04:50:58', 0),
(30, 'chi thanh', '127/87 chung cư', '0938504351', 'ngoquocthuan2145@gmail.com', '25f9e794323b453885f5181f1b624d0b', '2021-08-05 05:07:42', 0),
(31, 'Bảo Hân', '23/123 lam van ven', '0364567789', 'ngoquocthuan123@gmail.com', 'e10adc3949ba59abbe56e057f20f883e', '2021-08-05 05:44:53', 0),
(32, 'Trần Cung Phong', '11 Hải Thượng Lãng Ông', '0385402514', 'phongtrancung@gmail.com', 'e10adc3949ba59abbe56e057f20f883e', '2021-08-06 11:37:58', 0),
(33, 'nguyễn thanh hùng', 'đhskjdj', '0977795002', 'hungtn2212@gmail.com', '1505914f42ce73a282a64c072e80a1c9', '2021-08-07 06:34:28', 0);

--
-- Chỉ mục cho các bảng đã đổ
--

--
-- Chỉ mục cho bảng `admin`
--
ALTER TABLE `admin`
  ADD PRIMARY KEY (`email`);

--
-- Chỉ mục cho bảng `binh_luan`
--
ALTER TABLE `binh_luan`
  ADD PRIMARY KEY (`comment_id`),
  ADD KEY `comment_product_id` (`comment_product_id`);

--
-- Chỉ mục cho bảng `chat_lieu`
--
ALTER TABLE `chat_lieu`
  ADD PRIMARY KEY (`ma_cl`);

--
-- Chỉ mục cho bảng `chi_tiet_don_hang`
--
ALTER TABLE `chi_tiet_don_hang`
  ADD PRIMARY KEY (`so_ct`),
  ADD KEY `ma_ddh` (`ma_ddh`),
  ADD KEY `ma_sp` (`ma_sp`);

--
-- Chỉ mục cho bảng `chi_tiet_phieu_giao`
--
ALTER TABLE `chi_tiet_phieu_giao`
  ADD PRIMARY KEY (`so_ct`),
  ADD KEY `ma_pg` (`ma_pg`);

--
-- Chỉ mục cho bảng `chi_tiet_san_pham`
--
ALTER TABLE `chi_tiet_san_pham`
  ADD PRIMARY KEY (`ma_sp`,`ma_size`,`ma_mau`),
  ADD KEY `ma_size` (`ma_size`),
  ADD KEY `ma_mau` (`ma_mau`),
  ADD KEY `ma_sp` (`ma_sp`,`ma_size`,`ma_mau`);

--
-- Chỉ mục cho bảng `danh_gia`
--
ALTER TABLE `danh_gia`
  ADD PRIMARY KEY (`rating_id`),
  ADD KEY `ma_sp` (`ma_sp`),
  ADD KEY `user_id` (`user_id`);

--
-- Chỉ mục cho bảng `danh_muc_sp`
--
ALTER TABLE `danh_muc_sp`
  ADD PRIMARY KEY (`ma_dm`),
  ADD KEY `ma_tk` (`ma_tk`),
  ADD KEY `ma_ct` (`ma_cl`);

--
-- Chỉ mục cho bảng `don_dat_hang`
--
ALTER TABLE `don_dat_hang`
  ADD PRIMARY KEY (`ma_ddh`),
  ADD KEY `ma_hk` (`ma_kh`);

--
-- Chỉ mục cho bảng `hinh_anh`
--
ALTER TABLE `hinh_anh`
  ADD PRIMARY KEY (`ma_hinh`),
  ADD KEY `ma_sp` (`ma_sp`);

--
-- Chỉ mục cho bảng `khach_hang`
--
ALTER TABLE `khach_hang`
  ADD PRIMARY KEY (`ma_kh`) USING BTREE,
  ADD KEY `email` (`email`);

--
-- Chỉ mục cho bảng `mau`
--
ALTER TABLE `mau`
  ADD PRIMARY KEY (`ma_mau`);

--
-- Chỉ mục cho bảng `phieu_giao`
--
ALTER TABLE `phieu_giao`
  ADD PRIMARY KEY (`ma_pg`) USING BTREE,
  ADD KEY `ma_ddh` (`ma_ddh`),
  ADD KEY `email` (`email`);

--
-- Chỉ mục cho bảng `san_pham`
--
ALTER TABLE `san_pham`
  ADD PRIMARY KEY (`ma_sp`),
  ADD KEY `ma_dm` (`ma_dm`);

--
-- Chỉ mục cho bảng `size`
--
ALTER TABLE `size`
  ADD PRIMARY KEY (`ma_size`);

--
-- Chỉ mục cho bảng `tbl_slider`
--
ALTER TABLE `tbl_slider`
  ADD PRIMARY KEY (`slider_id`);

--
-- Chỉ mục cho bảng `tbl_visitors`
--
ALTER TABLE `tbl_visitors`
  ADD PRIMARY KEY (`id_visitors`);

--
-- Chỉ mục cho bảng `thiet_ke`
--
ALTER TABLE `thiet_ke`
  ADD PRIMARY KEY (`ma_tk`);

--
-- Chỉ mục cho bảng `thong_bao`
--
ALTER TABLE `thong_bao`
  ADD PRIMARY KEY (`so_tb`);

--
-- Chỉ mục cho bảng `user`
--
ALTER TABLE `user`
  ADD PRIMARY KEY (`user_id`,`email`),
  ADD KEY `email` (`email`);

--
-- AUTO_INCREMENT cho các bảng đã đổ
--

--
-- AUTO_INCREMENT cho bảng `binh_luan`
--
ALTER TABLE `binh_luan`
  MODIFY `comment_id` int(10) NOT NULL AUTO_INCREMENT, AUTO_INCREMENT=17;

--
-- AUTO_INCREMENT cho bảng `chat_lieu`
--
ALTER TABLE `chat_lieu`
  MODIFY `ma_cl` int(10) NOT NULL AUTO_INCREMENT, AUTO_INCREMENT=43;

--
-- AUTO_INCREMENT cho bảng `chi_tiet_don_hang`
--
ALTER TABLE `chi_tiet_don_hang`
  MODIFY `so_ct` int(10) NOT NULL AUTO_INCREMENT, AUTO_INCREMENT=185;

--
-- AUTO_INCREMENT cho bảng `chi_tiet_phieu_giao`
--
ALTER TABLE `chi_tiet_phieu_giao`
  MODIFY `so_ct` int(12) NOT NULL AUTO_INCREMENT, AUTO_INCREMENT=189;

--
-- AUTO_INCREMENT cho bảng `danh_gia`
--
ALTER TABLE `danh_gia`
  MODIFY `rating_id` int(11) NOT NULL AUTO_INCREMENT, AUTO_INCREMENT=118;

--
-- AUTO_INCREMENT cho bảng `hinh_anh`
--
ALTER TABLE `hinh_anh`
  MODIFY `ma_hinh` int(15) NOT NULL AUTO_INCREMENT, AUTO_INCREMENT=227;

--
-- AUTO_INCREMENT cho bảng `mau`
--
ALTER TABLE `mau`
  MODIFY `ma_mau` int(10) NOT NULL AUTO_INCREMENT, AUTO_INCREMENT=25;

--
-- AUTO_INCREMENT cho bảng `tbl_slider`
--
ALTER TABLE `tbl_slider`
  MODIFY `slider_id` int(11) NOT NULL AUTO_INCREMENT, AUTO_INCREMENT=16;

--
-- AUTO_INCREMENT cho bảng `tbl_visitors`
--
ALTER TABLE `tbl_visitors`
  MODIFY `id_visitors` int(11) NOT NULL AUTO_INCREMENT, AUTO_INCREMENT=32;

--
-- AUTO_INCREMENT cho bảng `thiet_ke`
--
ALTER TABLE `thiet_ke`
  MODIFY `ma_tk` int(11) NOT NULL AUTO_INCREMENT, AUTO_INCREMENT=53;

--
-- AUTO_INCREMENT cho bảng `thong_bao`
--
ALTER TABLE `thong_bao`
  MODIFY `so_tb` int(200) NOT NULL AUTO_INCREMENT, AUTO_INCREMENT=58;

--
-- AUTO_INCREMENT cho bảng `user`
--
ALTER TABLE `user`
  MODIFY `user_id` int(10) NOT NULL AUTO_INCREMENT, AUTO_INCREMENT=34;

--
-- Các ràng buộc cho các bảng đã đổ
--

--
-- Các ràng buộc cho bảng `binh_luan`
--
ALTER TABLE `binh_luan`
  ADD CONSTRAINT `binh_luan_ibfk_1` FOREIGN KEY (`comment_product_id`) REFERENCES `san_pham` (`ma_sp`);

--
-- Các ràng buộc cho bảng `chi_tiet_don_hang`
--
ALTER TABLE `chi_tiet_don_hang`
  ADD CONSTRAINT `chi_tiet_don_hang_ibfk_1` FOREIGN KEY (`ma_sp`) REFERENCES `san_pham` (`ma_sp`),
  ADD CONSTRAINT `chi_tiet_don_hang_ibfk_2` FOREIGN KEY (`ma_ddh`) REFERENCES `don_dat_hang` (`ma_ddh`);

--
-- Các ràng buộc cho bảng `chi_tiet_phieu_giao`
--
ALTER TABLE `chi_tiet_phieu_giao`
  ADD CONSTRAINT `chi_tiet_phieu_giao_ibfk_1` FOREIGN KEY (`ma_pg`) REFERENCES `phieu_giao` (`ma_pg`);

--
-- Các ràng buộc cho bảng `chi_tiet_san_pham`
--
ALTER TABLE `chi_tiet_san_pham`
  ADD CONSTRAINT `chi_tiet_san_pham_ibfk_2` FOREIGN KEY (`ma_size`) REFERENCES `size` (`ma_size`),
  ADD CONSTRAINT `chi_tiet_san_pham_ibfk_4` FOREIGN KEY (`ma_sp`) REFERENCES `san_pham` (`ma_sp`),
  ADD CONSTRAINT `chi_tiet_san_pham_ibfk_5` FOREIGN KEY (`ma_mau`) REFERENCES `mau` (`ma_mau`);

--
-- Các ràng buộc cho bảng `danh_gia`
--
ALTER TABLE `danh_gia`
  ADD CONSTRAINT `danh_gia_ibfk_1` FOREIGN KEY (`ma_sp`) REFERENCES `san_pham` (`ma_sp`),
  ADD CONSTRAINT `danh_gia_ibfk_2` FOREIGN KEY (`user_id`) REFERENCES `user` (`user_id`);

--
-- Các ràng buộc cho bảng `danh_muc_sp`
--
ALTER TABLE `danh_muc_sp`
  ADD CONSTRAINT `danh_muc_sp_ibfk_1` FOREIGN KEY (`ma_tk`) REFERENCES `thiet_ke` (`ma_tk`),
  ADD CONSTRAINT `danh_muc_sp_ibfk_2` FOREIGN KEY (`ma_cl`) REFERENCES `chat_lieu` (`ma_cl`);

--
-- Các ràng buộc cho bảng `don_dat_hang`
--
ALTER TABLE `don_dat_hang`
  ADD CONSTRAINT `don_dat_hang_ibfk_1` FOREIGN KEY (`ma_kh`) REFERENCES `khach_hang` (`ma_kh`);

--
-- Các ràng buộc cho bảng `hinh_anh`
--
ALTER TABLE `hinh_anh`
  ADD CONSTRAINT `hinh_anh_ibfk_1` FOREIGN KEY (`ma_sp`) REFERENCES `san_pham` (`ma_sp`);

--
-- Các ràng buộc cho bảng `khach_hang`
--
ALTER TABLE `khach_hang`
  ADD CONSTRAINT `khach_hang_ibfk_1` FOREIGN KEY (`email`) REFERENCES `user` (`email`);

--
-- Các ràng buộc cho bảng `phieu_giao`
--
ALTER TABLE `phieu_giao`
  ADD CONSTRAINT `phieu_giao_ibfk_1` FOREIGN KEY (`ma_ddh`) REFERENCES `don_dat_hang` (`ma_ddh`),
  ADD CONSTRAINT `phieu_giao_ibfk_2` FOREIGN KEY (`email`) REFERENCES `admin` (`email`);

--
-- Các ràng buộc cho bảng `san_pham`
--
ALTER TABLE `san_pham`
  ADD CONSTRAINT `san_pham_ibfk_1` FOREIGN KEY (`ma_dm`) REFERENCES `danh_muc_sp` (`ma_dm`);
COMMIT;

/*!40101 SET CHARACTER_SET_CLIENT=@OLD_CHARACTER_SET_CLIENT */;
/*!40101 SET CHARACTER_SET_RESULTS=@OLD_CHARACTER_SET_RESULTS */;
/*!40101 SET COLLATION_CONNECTION=@OLD_COLLATION_CONNECTION */;
